year,month,state,count_obs
2018,3,AK,43
2018,4,AK,157
2018,5,AK,1308
2018,6,AK,4283
2018,7,AK,3141
2018,8,AK,1446
2018,9,AK,763
2018,10,AK,336
2018,11,AK,5
2019,4,AK,356
2019,5,AK,3596
2019,6,AK,3684
2019,7,AK,3595
2019,8,AK,2284
2019,9,AK,961
2019,10,AK,119
2020,3,AK,4
2020,4,AK,9
2020,5,AK,25
2020,6,AK,184
2020,7,AK,48
2018,1,AL,1210
2018,2,AL,880
2018,3,AL,1700
2018,4,AL,1319
2018,5,AL,1315
2018,6,AL,946
2018,7,AL,1128
2018,8,AL,1026
2018,9,AL,1068
2018,10,AL,1627
2018,11,AL,1516
2018,12,AL,1164
2019,1,AL,699
2019,2,AL,644
2019,3,AL,1203
2019,4,AL,1501
2019,5,AL,1237
2019,6,AL,928
2019,7,AL,1274
2019,8,AL,990
2019,9,AL,1093
2019,10,AL,1835
2019,11,AL,1265
2019,12,AL,893
2020,1,AL,461
2020,2,AL,75
2020,3,AL,68
2020,4,AL,79
2020,5,AL,63
2020,6,AL,67
2020,7,AL,85
2018,2,AR,3
2018,3,AR,13
2018,4,AR,2
2018,5,AR,12
2019,1,AR,1
2019,2,AR,8
2019,3,AR,10
2019,4,AR,15
2019,5,AR,6
2019,7,AR,3
2020,2,AR,20
2020,3,AR,195
2020,4,AR,113
2020,5,AR,36
2020,6,AR,28
2020,7,AR,21
2018,1,AZ,2483
2018,2,AZ,1848
2018,3,AZ,1954
2018,4,AZ,2256
2018,5,AZ,2432
2018,6,AZ,2402
2018,7,AZ,2462
2018,8,AZ,2245
2018,9,AZ,2332
2018,10,AZ,2991
2018,11,AZ,2869
2018,12,AZ,1851
2019,1,AZ,2308
2019,2,AZ,2023
2019,3,AZ,2180
2019,4,AZ,3038
2019,5,AZ,2794
2019,6,AZ,2528
2019,7,AZ,2710
2019,8,AZ,2802
2019,9,AZ,2793
2019,10,AZ,3129
2019,11,AZ,2475
2019,12,AZ,2202
2020,1,AZ,2132
2020,2,AZ,1927
2020,3,AZ,1751
2020,4,AZ,2190
2020,5,AZ,2181
2020,6,AZ,1808
2020,7,AZ,1458
2018,1,CA,3399
2018,2,CA,3994
2018,3,CA,4841
2018,4,CA,3678
2018,5,CA,4561
2018,6,CA,3264
2018,7,CA,3056
2018,8,CA,2821
2018,9,CA,3365
2018,10,CA,3778
2018,11,CA,2646
2018,12,CA,2510
2019,1,CA,2440
2019,2,CA,2644
2019,3,CA,3551
2019,4,CA,3402
2019,5,CA,3463
2019,6,CA,2639
2019,7,CA,2247
2019,8,CA,2136
2019,9,CA,2541
2019,10,CA,2827
2019,11,CA,2370
2019,12,CA,2390
2020,1,CA,2857
2020,2,CA,2935
2020,3,CA,2250
2020,4,CA,955
2020,5,CA,911
2020,6,CA,1531
2020,7,CA,1416
2018,1,CO,3031
2018,2,CO,4438
2018,3,CO,4174
2018,4,CO,2008
2018,5,CO,1925
2018,6,CO,1645
2018,7,CO,1135
2018,8,CO,1410
2018,9,CO,2105
2018,10,CO,2007
2018,11,CO,829
2018,12,CO,668
2019,1,CO,3022
2019,2,CO,3612
2019,3,CO,3005
2019,4,CO,2047
2019,5,CO,1755
2019,6,CO,1809
2019,7,CO,1594
2019,8,CO,1222
2019,9,CO,2400
2019,10,CO,1860
2019,11,CO,740
2019,12,CO,470
2020,1,CO,2076
2020,2,CO,2568
2020,3,CO,874
2020,4,CO,752
2020,5,CO,581
2020,6,CO,328
2020,7,CO,280
2018,2,CT,2
2018,3,CT,18
2018,4,CT,90
2018,5,CT,122
2018,6,CT,61
2018,7,CT,48
2018,8,CT,40
2018,9,CT,27
2018,10,CT,38
2018,11,CT,13
2019,2,CT,38
2019,3,CT,48
2019,4,CT,60
2019,5,CT,28
2019,6,CT,42
2019,7,CT,34
2019,8,CT,13
2019,9,CT,27
2019,10,CT,33
2020,2,CT,2
2020,3,CT,12
2020,4,CT,36
2020,6,CT,6
2018,1,DC,5
2018,2,DC,28
2018,3,DC,106
2018,4,DC,115
2018,5,DC,5
2018,6,DC,3
2018,7,DC,4
2018,8,DC,4
2018,9,DC,4
2018,10,DC,4
2018,11,DC,3
2018,12,DC,5
2019,1,DC,4
2019,2,DC,40
2019,3,DC,322
2019,4,DC,144
2019,5,DC,21
2019,6,DC,5
2019,7,DC,2
2019,8,DC,4
2019,9,DC,6
2019,10,DC,5
2019,11,DC,44
2019,12,DC,5
2020,1,DC,29
2020,2,DC,46
2020,3,DC,100
2020,4,DC,27
2020,5,DC,6
2020,6,DC,5
2020,7,DC,2
2018,3,DE,9
2018,4,DE,23
2018,5,DE,1
2018,9,DE,10
2018,10,DE,14
2018,11,DE,19
2018,12,DE,26
2019,1,DE,26
2019,2,DE,26
2019,3,DE,23
2019,4,DE,26
2019,6,DE,25
2019,11,DE,36
2019,12,DE,36
2020,1,DE,54
2020,2,DE,91
2020,3,DE,76
2020,4,DE,54
2018,1,FL,1258
2018,2,FL,1212
2018,3,FL,1040
2018,4,FL,1044
2018,5,FL,1204
2018,6,FL,1014
2018,7,FL,891
2018,8,FL,1231
2018,9,FL,1441
2018,10,FL,1095
2018,11,FL,975
2018,12,FL,960
2019,1,FL,920
2019,2,FL,1325
2019,3,FL,1154
2019,4,FL,1174
2019,5,FL,496
2019,6,FL,466
2019,7,FL,148
2019,8,FL,184
2019,9,FL,301
2019,10,FL,264
2019,11,FL,250
2019,12,FL,64
2020,1,FL,170
2020,2,FL,133
2020,3,FL,122
2020,4,FL,149
2020,5,FL,287
2020,6,FL,151
2020,7,FL,159
2018,1,GA,463
2018,2,GA,376
2018,3,GA,389
2018,4,GA,390
2018,5,GA,462
2018,6,GA,382
2018,7,GA,454
2018,8,GA,360
2018,9,GA,360
2018,10,GA,287
2018,11,GA,189
2018,12,GA,274
2019,1,GA,192
2019,2,GA,369
2019,3,GA,383
2019,4,GA,405
2019,5,GA,377
2019,6,GA,180
2019,8,GA,187
2019,9,GA,428
2019,10,GA,293
2019,11,GA,154
2019,12,GA,145
2020,1,GA,165
2020,2,GA,181
2020,3,GA,180
2020,4,GA,186
2020,5,GA,219
2020,6,GA,210
2020,7,GA,203
2018,3,HI,2
2018,6,HI,60
2018,7,HI,60
2018,8,HI,60
2018,9,HI,70
2018,10,HI,184
2018,11,HI,244
2018,12,HI,8
2019,1,HI,300
2019,2,HI,209
2019,3,HI,244
2019,4,HI,241
2019,5,HI,307
2019,6,HI,247
2019,7,HI,303
2019,8,HI,124
2019,9,HI,180
2019,10,HI,304
2019,11,HI,240
2019,12,HI,240
2020,1,HI,180
2020,7,HI,2
2018,1,IA,14
2018,2,IA,20
2018,3,IA,66
2018,4,IA,47
2018,5,IA,74
2018,6,IA,39
2018,7,IA,54
2018,8,IA,62
2018,9,IA,73
2018,10,IA,113
2018,11,IA,76
2018,12,IA,43
2019,2,IA,52
2019,3,IA,86
2019,4,IA,92
2019,5,IA,151
2019,6,IA,224
2019,7,IA,240
2019,8,IA,95
2019,9,IA,92
2019,10,IA,95
2019,11,IA,93
2019,12,IA,78
2020,1,IA,86
2020,2,IA,80
2020,3,IA,175
2020,4,IA,156
2020,5,IA,159
2020,6,IA,109
2020,7,IA,161
2018,3,ID,97
2018,4,ID,59
2018,5,ID,6
2018,6,ID,2
2018,7,ID,3
2018,11,ID,3
2019,3,ID,41
2019,4,ID,90
2019,5,ID,73
2019,6,ID,37
2019,7,ID,34
2019,8,ID,29
2019,9,ID,26
2019,10,ID,19
2019,11,ID,3
2020,3,ID,1
2020,4,ID,7
2020,6,ID,5
2020,7,ID,9
2018,1,IL,32
2018,2,IL,38
2018,3,IL,802
2018,4,IL,1640
2018,5,IL,1411
2018,6,IL,569
2018,7,IL,421
2018,8,IL,298
2018,9,IL,429
2018,10,IL,393
2018,11,IL,305
2018,12,IL,86
2019,1,IL,73
2019,2,IL,9
2019,3,IL,139
2019,4,IL,1172
2019,5,IL,843
2019,6,IL,643
2019,7,IL,581
2019,8,IL,490
2019,9,IL,756
2019,10,IL,858
2019,11,IL,648
2019,12,IL,81
2020,1,IL,86
2020,2,IL,48
2020,3,IL,190
2020,4,IL,413
2020,5,IL,681
2020,6,IL,511
2020,7,IL,561
2018,1,IN,22
2018,2,IN,363
2018,3,IN,864
2018,4,IN,645
2018,5,IN,505
2018,6,IN,309
2018,7,IN,162
2018,8,IN,140
2018,9,IN,164
2018,10,IN,147
2018,11,IN,42
2018,12,IN,56
2019,1,IN,74
2019,2,IN,88
2019,3,IN,189
2019,4,IN,369
2019,5,IN,380
2019,6,IN,219
2019,7,IN,191
2019,8,IN,155
2019,9,IN,340
2019,10,IN,179
2019,11,IN,78
2019,12,IN,40
2020,1,IN,131
2020,2,IN,183
2020,3,IN,531
2020,4,IN,1215
2020,5,IN,1135
2020,6,IN,634
2020,7,IN,551
2018,1,KS,78
2018,2,KS,40
2018,3,KS,847
2018,4,KS,2018
2018,5,KS,886
2018,6,KS,571
2018,7,KS,537
2018,8,KS,485
2018,9,KS,1236
2018,10,KS,829
2018,11,KS,542
2018,12,KS,22
2019,1,KS,29
2019,2,KS,89
2019,3,KS,861
2019,4,KS,2400
2019,5,KS,879
2019,6,KS,538
2019,7,KS,445
2019,8,KS,922
2019,9,KS,1233
2019,10,KS,911
2019,11,KS,611
2019,12,KS,145
2020,1,KS,43
2020,2,KS,131
2020,3,KS,163
2020,4,KS,141
2020,5,KS,51
2020,6,KS,1
2018,2,KY,297
2018,3,KY,150
2018,4,KY,72
2018,5,KY,24
2018,6,KY,28
2018,8,KY,2
2018,9,KY,8
2018,10,KY,17
2018,11,KY,6
2019,2,KY,2
2019,3,KY,60
2019,4,KY,77
2019,6,KY,10
2019,9,KY,14
2019,10,KY,54
2019,11,KY,51
2020,2,KY,162
2020,3,KY,287
2020,4,KY,149
2018,1,LA,93
2018,2,LA,231
2018,3,LA,339
2018,4,LA,231
2018,5,LA,286
2018,6,LA,97
2018,7,LA,181
2018,8,LA,270
2018,9,LA,234
2018,10,LA,187
2018,11,LA,146
2018,12,LA,210
2019,1,LA,328
2019,2,LA,288
2019,3,LA,406
2019,4,LA,304
2019,5,LA,365
2019,6,LA,279
2019,7,LA,276
2019,8,LA,373
2019,9,LA,365
2019,10,LA,259
2019,11,LA,273
2019,12,LA,352
2020,1,LA,416
2020,2,LA,448
2020,3,LA,775
2020,4,LA,318
2020,5,LA,253
2020,6,LA,430
2020,7,LA,231
2018,1,MA,342
2018,2,MA,564
2018,3,MA,1677
2018,4,MA,2884
2018,5,MA,3500
2018,6,MA,1988
2018,7,MA,1658
2018,8,MA,2029
2018,9,MA,2363
2018,10,MA,2831
2018,11,MA,1553
2018,12,MA,605
2019,1,MA,303
2019,2,MA,827
2019,3,MA,2260
2019,4,MA,4277
2019,5,MA,4143
2019,6,MA,2711
2019,7,MA,1837
2019,8,MA,2280
2019,9,MA,2702
2019,10,MA,2125
2019,11,MA,1141
2019,12,MA,265
2020,1,MA,665
2020,2,MA,1155
2020,3,MA,2962
2020,4,MA,3566
2020,5,MA,3375
2020,6,MA,2707
2020,7,MA,1798
2018,1,MD,9
2018,2,MD,524
2018,3,MD,828
2018,4,MD,1318
2018,5,MD,716
2018,6,MD,501
2018,7,MD,330
2018,8,MD,681
2018,9,MD,777
2018,10,MD,514
2018,11,MD,342
2018,12,MD,52
2019,1,MD,48
2019,2,MD,198
2019,3,MD,831
2019,4,MD,1203
2019,5,MD,617
2019,6,MD,226
2019,7,MD,369
2019,8,MD,759
2019,9,MD,693
2019,10,MD,552
2019,11,MD,388
2019,12,MD,115
2020,1,MD,71
2020,2,MD,264
2020,3,MD,493
2020,4,MD,425
2020,5,MD,332
2020,6,MD,237
2020,7,MD,156
2018,1,ME,85
2018,2,ME,140
2018,3,ME,194
2018,4,ME,1182
2018,5,ME,1956
2018,6,ME,1570
2018,7,ME,952
2018,8,ME,818
2018,9,ME,725
2018,10,ME,742
2018,11,ME,369
2018,12,ME,184
2019,1,ME,148
2019,2,ME,175
2019,3,ME,387
2019,4,ME,1284
2019,5,ME,1681
2019,6,ME,1639
2019,7,ME,1121
2019,8,ME,927
2019,9,ME,939
2019,10,ME,758
2019,11,ME,433
2019,12,ME,139
2020,1,ME,120
2020,2,ME,55
2020,3,ME,627
2020,4,ME,1361
2020,5,ME,1644
2020,6,ME,1017
2020,7,ME,774
2018,1,MI,709
2018,2,MI,736
2018,3,MI,1474
2018,4,MI,2061
2018,5,MI,2945
2018,6,MI,1524
2018,7,MI,1699
2018,8,MI,1437
2018,9,MI,1542
2018,10,MI,1302
2018,11,MI,781
2018,12,MI,519
2019,1,MI,667
2019,2,MI,1025
2019,3,MI,1930
2019,4,MI,2065
2019,5,MI,3252
2019,6,MI,2261
2019,7,MI,1590
2019,8,MI,1553
2019,9,MI,2124
2019,10,MI,1695
2019,11,MI,896
2019,12,MI,762
2020,1,MI,826
2020,2,MI,1059
2020,3,MI,1630
2020,4,MI,1900
2020,5,MI,1904
2020,6,MI,1711
2020,7,MI,1897
2018,1,MN,823
2018,2,MN,1009
2018,3,MN,1918
2018,4,MN,4825
2018,5,MN,7176
2018,6,MN,5109
2018,7,MN,5033
2018,8,MN,4998
2018,9,MN,4254
2018,10,MN,3856
2018,11,MN,1744
2018,12,MN,883
2019,1,MN,1132
2019,2,MN,1040
2019,3,MN,2138
2019,4,MN,5138
2019,5,MN,6073
2019,6,MN,5568
2019,7,MN,5085
2019,8,MN,4823
2019,9,MN,4115
2019,10,MN,2402
2019,11,MN,1391
2019,12,MN,170
2020,1,MN,203
2020,2,MN,244
2020,3,MN,972
2020,4,MN,2679
2020,5,MN,3576
2020,6,MN,2365
2020,7,MN,2047
2018,1,MO,79
2018,2,MO,125
2018,3,MO,253
2018,4,MO,339
2018,5,MO,363
2018,6,MO,252
2018,7,MO,279
2018,8,MO,233
2018,9,MO,243
2018,10,MO,178
2018,11,MO,172
2018,12,MO,150
2019,1,MO,180
2019,2,MO,180
2019,3,MO,63
2019,4,MO,108
2019,5,MO,18
2019,6,MO,15
2019,7,MO,15
2019,8,MO,3
2019,9,MO,3
2019,10,MO,5
2019,11,MO,8
2020,1,MO,3
2020,2,MO,19
2020,3,MO,88
2020,4,MO,92
2020,5,MO,19
2020,6,MO,6
2020,7,MO,22
2018,1,MS,183
2018,2,MS,130
2018,3,MS,317
2018,4,MS,161
2018,5,MS,184
2018,6,MS,253
2018,7,MS,270
2018,8,MS,356
2018,9,MS,338
2018,10,MS,246
2018,11,MS,379
2018,12,MS,207
2019,1,MS,287
2019,2,MS,309
2019,3,MS,226
2019,4,MS,228
2019,5,MS,244
2019,6,MS,161
2019,7,MS,158
2019,8,MS,248
2019,9,MS,228
2019,10,MS,206
2019,11,MS,261
2019,12,MS,225
2020,1,MS,364
2020,2,MS,333
2020,3,MS,277
2020,4,MS,78
2020,5,MS,163
2020,6,MS,208
2020,7,MS,114
2018,1,MT,9
2018,2,MT,13
2018,3,MT,22
2018,4,MT,40
2018,5,MT,54
2018,6,MT,27
2018,7,MT,1
2018,8,MT,3
2018,9,MT,6
2018,10,MT,16
2018,11,MT,4
2018,12,MT,5
2019,1,MT,14
2019,2,MT,17
2019,3,MT,10
2019,4,MT,53
2019,5,MT,175
2019,6,MT,60
2019,7,MT,28
2019,8,MT,26
2019,9,MT,7
2019,10,MT,15
2020,3,MT,16
2020,4,MT,14
2020,5,MT,17
2020,7,MT,4
2018,1,NC,321
2018,2,NC,449
2018,3,NC,964
2018,4,NC,1517
2018,5,NC,1151
2018,6,NC,643
2018,7,NC,605
2018,8,NC,589
2018,9,NC,894
2018,10,NC,1236
2018,11,NC,857
2018,12,NC,228
2019,1,NC,230
2019,2,NC,1264
2019,3,NC,1392
2019,4,NC,1112
2019,5,NC,1345
2019,6,NC,990
2019,7,NC,1046
2019,8,NC,1199
2019,9,NC,1740
2019,10,NC,1860
2019,11,NC,1382
2019,12,NC,396
2020,1,NC,421
2020,2,NC,657
2020,3,NC,1312
2020,4,NC,807
2020,5,NC,765
2020,6,NC,318
2020,7,NC,164
2018,3,ND,1
2018,4,ND,1238
2018,5,ND,1992
2018,6,ND,663
2018,7,ND,1134
2018,8,ND,1701
2018,9,ND,954
2018,10,ND,855
2018,11,ND,279
2019,1,ND,3
2019,4,ND,2144
2019,5,ND,1898
2019,6,ND,473
2019,7,ND,466
2019,8,ND,1077
2019,9,ND,857
2019,10,ND,858
2019,11,ND,386
2020,4,ND,1
2018,4,NE,2
2018,5,NE,3
2019,3,NE,1
2019,4,NE,24
2019,5,NE,23
2019,6,NE,2
2019,7,NE,2
2019,8,NE,1
2019,9,NE,37
2019,10,NE,34
2020,3,NE,1
2020,4,NE,2
2020,5,NE,1
2018,1,NH,3
2018,3,NH,1
2018,4,NH,905
2018,5,NH,2508
2018,6,NH,1653
2018,7,NH,1947
2018,8,NH,1878
2018,9,NH,1233
2018,10,NH,720
2018,11,NH,42
2019,3,NH,10
2019,4,NH,923
2019,5,NH,2728
2019,6,NH,2053
2019,7,NH,1334
2019,8,NH,1661
2019,9,NH,1796
2019,10,NH,1280
2019,11,NH,89
2020,3,NH,26
2020,4,NH,659
2020,5,NH,1173
2020,6,NH,917
2020,7,NH,901
2018,1,NJ,34
2018,2,NJ,36
2018,3,NJ,8
2018,4,NJ,52
2018,5,NJ,20
2018,6,NJ,1
2018,7,NJ,1
2018,9,NJ,43
2018,10,NJ,151
2018,11,NJ,22
2019,3,NJ,2
2019,4,NJ,19
2019,5,NJ,1
2019,7,NJ,12
2019,9,NJ,3
2019,10,NJ,4
2019,11,NJ,1
2019,12,NJ,4
2020,3,NJ,267
2020,4,NJ,579
2020,5,NJ,420
2020,6,NJ,399
2020,7,NJ,96
2018,1,NM,874
2018,2,NM,793
2018,3,NM,1000
2018,4,NM,1000
2018,5,NM,1102
2018,6,NM,921
2018,7,NM,952
2018,8,NM,1102
2018,9,NM,838
2018,10,NM,1156
2018,11,NM,1004
2018,12,NM,747
2019,1,NM,795
2019,2,NM,767
2019,3,NM,909
2019,4,NM,979
2019,5,NM,1020
2019,6,NM,891
2019,7,NM,1163
2019,8,NM,1119
2019,9,NM,1045
2019,10,NM,1054
2019,11,NM,775
2019,12,NM,874
2020,1,NM,627
2020,2,NM,420
2020,3,NM,400
2020,4,NM,250
2020,5,NM,258
2020,6,NM,177
2020,7,NM,206
2018,1,NV,1
2018,2,NV,6
2018,3,NV,3
2018,4,NV,7
2018,5,NV,1
2018,6,NV,2
2018,7,NV,1
2018,8,NV,5
2018,9,NV,7
2018,10,NV,3
2018,11,NV,3
2019,3,NV,5
2019,4,NV,7
2019,5,NV,4
2019,6,NV,10
2019,7,NV,6
2019,8,NV,25
2019,9,NV,407
2019,10,NV,200
2019,11,NV,8
2020,2,NV,5
2020,3,NV,1
2020,7,NV,2
2018,1,NY,925
2018,2,NY,2237
2018,3,NY,6163
2018,4,NY,6927
2018,5,NY,7449
2018,6,NY,6237
2018,7,NY,4097
2018,8,NY,3166
2018,9,NY,4117
2018,10,NY,4912
2018,11,NY,3430
2018,12,NY,978
2019,1,NY,718
2019,2,NY,1563
2019,3,NY,4188
2019,4,NY,7392
2019,5,NY,5473
2019,6,NY,4262
2019,7,NY,3511
2019,8,NY,3036
2019,9,NY,5370
2019,10,NY,5893
2019,11,NY,4335
2019,12,NY,1487
2020,1,NY,1311
2020,2,NY,3313
2020,3,NY,4254
2020,4,NY,2216
2020,5,NY,1936
2020,6,NY,1967
2020,7,NY,1087
2018,1,OH,10
2018,2,OH,21
2018,3,OH,138
2018,4,OH,360
2018,5,OH,373
2018,6,OH,149
2018,7,OH,134
2018,8,OH,135
2018,9,OH,99
2018,10,OH,75
2018,11,OH,62
2019,1,OH,24
2019,2,OH,126
2019,3,OH,372
2019,4,OH,1006
2019,5,OH,588
2019,6,OH,424
2019,7,OH,387
2019,8,OH,266
2019,9,OH,281
2019,10,OH,377
2019,11,OH,253
2019,12,OH,101
2020,1,OH,58
2020,2,OH,46
2020,3,OH,641
2020,4,OH,637
2020,5,OH,544
2020,6,OH,339
2020,7,OH,250
2018,1,OK,366
2018,2,OK,384
2018,3,OK,384
2018,4,OK,484
2018,5,OK,400
2018,6,OK,398
2018,7,OK,503
2018,8,OK,416
2018,9,OK,395
2018,10,OK,495
2018,11,OK,305
2018,12,OK,396
2019,1,OK,297
2019,2,OK,302
2019,3,OK,413
2019,4,OK,473
2019,5,OK,519
2019,6,OK,398
2019,8,OK,24
2019,9,OK,295
2019,10,OK,608
2019,11,OK,501
2019,12,OK,530
2020,1,OK,251
2020,2,OK,133
2020,3,OK,46
2020,4,OK,10
2020,5,OK,12
2020,7,OK,7
2018,1,OR,447
2018,2,OR,556
2018,3,OR,563
2018,4,OR,606
2018,5,OR,551
2018,6,OR,401
2018,7,OR,466
2018,8,OR,341
2018,9,OR,400
2018,10,OR,300
2018,11,OR,179
2018,12,OR,94
2019,1,OR,106
2019,2,OR,172
2019,3,OR,459
2019,4,OR,482
2019,5,OR,579
2019,6,OR,499
2019,7,OR,400
2019,8,OR,297
2019,9,OR,414
2019,10,OR,319
2019,11,OR,163
2019,12,OR,89
2020,1,OR,178
2020,2,OR,462
2020,3,OR,672
2020,4,OR,570
2020,5,OR,341
2020,6,OR,259
2020,7,OR,155
2018,1,PA,420
2018,2,PA,661
2018,3,PA,1180
2018,4,PA,1250
2018,5,PA,656
2018,6,PA,251
2018,7,PA,276
2018,8,PA,253
2018,9,PA,174
2018,10,PA,118
2018,11,PA,153
2018,12,PA,78
2019,1,PA,49
2019,2,PA,63
2019,3,PA,338
2019,4,PA,476
2019,5,PA,409
2019,6,PA,296
2019,7,PA,194
2019,8,PA,166
2019,9,PA,132
2019,10,PA,124
2019,11,PA,36
2019,12,PA,18
2020,1,PA,39
2020,2,PA,129
2020,3,PA,387
2020,4,PA,634
2020,5,PA,527
2020,6,PA,180
2020,7,PA,163
2018,3,RI,20
2018,4,RI,38
2020,3,RI,20
2018,1,SC,5
2018,2,SC,176
2018,3,SC,387
2018,4,SC,390
2018,5,SC,403
2018,6,SC,286
2018,7,SC,112
2018,8,SC,93
2018,9,SC,90
2018,10,SC,115
2018,11,SC,120
2018,12,SC,124
2019,1,SC,168
2019,2,SC,196
2019,3,SC,253
2019,4,SC,247
2019,5,SC,281
2019,6,SC,311
2019,7,SC,135
2019,8,SC,101
2019,9,SC,117
2019,10,SC,10
2019,11,SC,25
2019,12,SC,8
2020,1,SC,3
2020,4,SC,18
2020,5,SC,41
2020,6,SC,40
2018,1,SD,123
2018,2,SD,179
2018,3,SD,194
2018,4,SD,233
2018,5,SD,258
2018,6,SD,32
2018,7,SD,17
2018,8,SD,31
2018,9,SD,94
2018,10,SD,80
2018,11,SD,55
2018,12,SD,37
2019,1,SD,236
2019,2,SD,360
2019,3,SD,397
2019,4,SD,489
2019,5,SD,266
2019,6,SD,157
2019,7,SD,146
2019,8,SD,74
2019,9,SD,111
2019,10,SD,146
2019,11,SD,152
2019,12,SD,122
2020,1,SD,53
2020,2,SD,65
2020,3,SD,55
2020,4,SD,86
2020,5,SD,74
2020,6,SD,129
2020,7,SD,109
2018,1,TN,1329
2018,2,TN,1281
2018,3,TN,4409
2018,4,TN,4660
2018,5,TN,4267
2018,6,TN,3136
2018,7,TN,2620
2018,8,TN,2678
2018,9,TN,2929
2018,10,TN,3270
2018,11,TN,2582
2018,12,TN,956
2019,1,TN,865
2019,2,TN,1150
2019,3,TN,3965
2019,4,TN,4359
2019,5,TN,3271
2019,6,TN,1970
2019,7,TN,2475
2019,8,TN,2240
2019,9,TN,3557
2019,10,TN,2823
2019,11,TN,2552
2019,12,TN,1735
2020,1,TN,1244
2020,2,TN,1265
2020,3,TN,2407
2020,4,TN,1638
2020,5,TN,1641
2020,6,TN,412
2020,7,TN,282
2018,1,TX,709
2018,2,TX,702
2018,3,TX,547
2018,4,TX,791
2018,5,TX,816
2018,6,TX,277
2018,7,TX,781
2018,8,TX,561
2018,9,TX,497
2018,10,TX,517
2018,11,TX,510
2018,12,TX,586
2019,1,TX,656
2019,2,TX,828
2019,3,TX,891
2019,4,TX,828
2019,5,TX,690
2019,6,TX,388
2019,7,TX,309
2019,8,TX,26
2019,9,TX,527
2019,10,TX,845
2019,11,TX,544
2019,12,TX,506
2020,1,TX,755
2020,2,TX,646
2020,3,TX,500
2020,4,TX,246
2020,5,TX,73
2020,6,TX,222
2020,7,TX,539
2018,1,UT,31
2018,2,UT,1326
2018,3,UT,2226
2018,4,UT,1647
2018,5,UT,1012
2018,6,UT,396
2018,7,UT,396
2018,8,UT,499
2018,9,UT,449
2018,10,UT,743
2018,11,UT,489
2018,12,UT,1
2019,2,UT,99
2019,3,UT,622
2019,4,UT,1239
2019,5,UT,1269
2019,6,UT,1020
2019,7,UT,883
2019,8,UT,791
2019,9,UT,593
2019,10,UT,666
2019,11,UT,548
2019,12,UT,462
2020,1,UT,104
2020,2,UT,29
2020,3,UT,115
2020,4,UT,178
2020,5,UT,114
2020,6,UT,58
2020,7,UT,51
2018,1,VA,115
2018,2,VA,1009
2018,3,VA,1828
2018,4,VA,2526
2018,5,VA,2432
2018,6,VA,1013
2018,7,VA,974
2018,8,VA,1434
2018,9,VA,1806
2018,10,VA,1868
2018,11,VA,902
2018,12,VA,223
2019,1,VA,190
2019,2,VA,753
2019,3,VA,1919
2019,4,VA,3127
2019,5,VA,2673
2019,6,VA,1267
2019,7,VA,1185
2019,8,VA,1976
2019,9,VA,1808
2019,10,VA,1405
2019,11,VA,782
2019,12,VA,197
2020,1,VA,112
2020,2,VA,122
2020,3,VA,275
2020,4,VA,150
2020,5,VA,246
2020,6,VA,145
2020,7,VA,170
2020,10,VA,8
2018,5,VT,6
2018,10,VT,3
2019,1,VT,2
2019,2,VT,2
2019,3,VT,2
2019,4,VT,62
2019,5,VT,33
2019,6,VT,14
2019,7,VT,10
2019,9,VT,12
2019,10,VT,128
2019,11,VT,68
2019,12,VT,13
2020,1,VT,41
2020,2,VT,40
2020,3,VT,201
2020,4,VT,86
2020,5,VT,28
2020,6,VT,10
2018,1,WA,436
2018,2,WA,847
2018,3,WA,926
2018,4,WA,1445
2018,5,WA,1880
2018,6,WA,1787
2018,7,WA,1200
2018,8,WA,671
2018,9,WA,387
2018,10,WA,276
2018,11,WA,234
2018,12,WA,114
2019,1,WA,184
2019,2,WA,485
2019,3,WA,1026
2019,4,WA,1636
2019,5,WA,1809
2019,6,WA,1347
2019,7,WA,850
2019,8,WA,372
2019,9,WA,400
2019,10,WA,216
2019,11,WA,161
2019,12,WA,56
2020,1,WA,76
2020,2,WA,212
2020,3,WA,226
2020,4,WA,254
2020,5,WA,260
2020,6,WA,116
2020,7,WA,110
2018,1,WI,59
2018,2,WI,56
2018,3,WI,88
2018,4,WI,615
2018,5,WI,1126
2018,6,WI,325
2018,7,WI,171
2018,8,WI,431
2018,9,WI,139
2018,10,WI,195
2018,12,WI,5
2019,1,WI,7
2019,2,WI,20
2019,3,WI,146
2019,4,WI,680
2019,5,WI,1121
2019,6,WI,917
2019,7,WI,488
2019,8,WI,576
2019,9,WI,459
2019,10,WI,236
2019,11,WI,4
2020,1,WI,3
2020,2,WI,8
2020,3,WI,43
2020,4,WI,279
2020,5,WI,371
2020,6,WI,141
2020,7,WI,42
2018,1,WV,25
2018,2,WV,24
2018,3,WV,150
2018,4,WV,362
2018,5,WV,296
2018,6,WV,136
2018,7,WV,126
2018,8,WV,111
2018,9,WV,129
2018,10,WV,385
2018,11,WV,156
2019,1,WV,11
2019,2,WV,205
2019,3,WV,265
2019,4,WV,442
2019,5,WV,152
2019,6,WV,59
2019,7,WV,77
2019,8,WV,77
2019,9,WV,111
2019,10,WV,152
2019,11,WV,52
2020,2,WV,15
2020,3,WV,62
2020,4,WV,122
2020,5,WV,140
2020,6,WV,57
2020,7,WV,38
2018,2,WY,9
2018,3,WY,1
2018,4,WY,87
2018,5,WY,103
2018,6,WY,163
2018,7,WY,177
2018,8,WY,161
2018,9,WY,168
2018,10,WY,196
2018,11,WY,180
2019,2,WY,12
2019,3,WY,4
2019,4,WY,624
2019,5,WY,1247
2019,6,WY,709
2019,7,WY,436
2019,8,WY,325
2019,9,WY,242
2019,10,WY,159
2019,11,WY,126
2020,3,WY,6
2020,4,WY,176
2020,5,WY,92
2020,6,WY,46
2020,7,WY,16
