siteID,State,year,sitevisits
24057,-9999,2018,1
26198,-9999,2020,1
29749,-9999,2018,1
28808,AB,2018,5
2099,AK,2018,5
26398,AK,2018,2
27582,AK,2018,3
27592,AK,2018,2
28754,AK,2018,9
30520,AK,2018,3
33995,AK,2019,1
35859,AK,2019,13
35859,AK,2018,7
35860,AK,2019,13
35860,AK,2018,7
35867,AK,2019,14
35867,AK,2018,5
35877,AK,2019,7
35877,AK,2018,5
35918,AK,2019,9
35918,AK,2018,1
37836,AK,2020,4
38114,AK,2020,1
39081,AK,2020,1
39082,AK,2020,1
16811,AL,2019,24
16811,AL,2018,15
26641,AL,2020,13
26641,AL,2019,13
26641,AL,2018,13
27019,AL,2020,13
27019,AL,2019,13
27019,AL,2018,12
35868,AL,2019,10
35868,AL,2018,14
35869,AL,2019,10
35885,AL,2019,16
35885,AL,2018,19
35886,AL,2019,15
35917,AL,2019,13
35917,AL,2018,13
11200,AR,2018,1
17062,AR,2018,2
19824,AR,2020,10
19824,AR,2018,4
30499,AR,2018,2
33210,AR,2019,6
36831,AR,2020,17
36873,AR,2020,5
37293,AR,2020,3
37617,AR,2020,1
30,AZ,2020,30
30,AZ,2019,11
30,AZ,2018,11
6026,AZ,2020,17
6026,AZ,2019,12
6026,AZ,2018,31
6102,AZ,2020,1
6102,AZ,2019,32
6102,AZ,2018,6
6595,AZ,2019,5
8242,AZ,2020,4
8242,AZ,2019,2
8242,AZ,2018,3
8501,AZ,2020,3
8683,AZ,2020,12
8683,AZ,2019,10
8683,AZ,2018,14
8710,AZ,2019,1
10516,AZ,2018,1
10878,AZ,2020,12
10878,AZ,2019,10
10878,AZ,2018,14
10879,AZ,2020,1
10879,AZ,2019,9
10879,AZ,2018,3
10880,AZ,2020,1
10880,AZ,2019,9
10880,AZ,2018,3
10959,AZ,2020,12
10959,AZ,2019,10
10959,AZ,2018,14
10960,AZ,2020,12
10960,AZ,2019,10
10960,AZ,2018,14
11587,AZ,2020,1
11587,AZ,2019,6
11587,AZ,2018,15
12064,AZ,2020,4
12064,AZ,2019,15
12064,AZ,2018,9
16522,AZ,2018,1
16534,AZ,2019,1
16547,AZ,2019,2
16547,AZ,2018,7
16831,AZ,2020,1
16831,AZ,2018,1
17585,AZ,2019,5
17585,AZ,2018,1
17594,AZ,2019,4
17850,AZ,2019,6
17850,AZ,2018,15
18280,AZ,2019,1
18529,AZ,2020,4
18529,AZ,2019,13
18529,AZ,2018,13
19711,AZ,2020,13
19711,AZ,2019,12
19711,AZ,2018,13
19996,AZ,2019,1
20974,AZ,2018,5
20978,AZ,2018,6
21359,AZ,2020,9
21359,AZ,2019,11
21359,AZ,2018,11
21583,AZ,2020,6
21716,AZ,2020,1
22063,AZ,2020,2
22063,AZ,2019,6
22063,AZ,2018,4
22064,AZ,2018,5
22311,AZ,2019,27
22311,AZ,2018,21
22334,AZ,2018,8
22365,AZ,2019,5
22365,AZ,2018,8
22613,AZ,2020,14
22613,AZ,2019,13
22613,AZ,2018,26
22686,AZ,2020,2
22686,AZ,2019,4
22728,AZ,2020,10
22728,AZ,2019,10
22728,AZ,2018,10
22882,AZ,2018,2
22976,AZ,2019,5
23065,AZ,2019,2
23065,AZ,2018,2
23857,AZ,2020,14
24150,AZ,2019,7
24150,AZ,2018,7
24417,AZ,2019,3
24417,AZ,2018,8
24548,AZ,2020,2
24548,AZ,2019,7
24548,AZ,2018,3
24702,AZ,2020,51
24702,AZ,2019,45
24702,AZ,2018,25
24703,AZ,2020,42
24703,AZ,2019,22
24703,AZ,2018,24
24705,AZ,2020,51
24705,AZ,2019,22
24705,AZ,2018,31
26423,AZ,2018,8
26971,AZ,2018,3
27134,AZ,2018,8
27448,AZ,2018,8
28037,AZ,2018,1
28148,AZ,2020,14
28148,AZ,2019,19
28148,AZ,2018,1
29865,AZ,2018,1
29883,AZ,2018,1
29952,AZ,2018,1
30120,AZ,2019,4
30120,AZ,2018,1
30258,AZ,2020,16
30258,AZ,2019,24
30283,AZ,2020,1
30283,AZ,2019,2
30283,AZ,2018,3
30382,AZ,2018,4
30389,AZ,2019,3
30389,AZ,2018,8
30426,AZ,2020,18
30426,AZ,2019,18
30426,AZ,2018,14
30430,AZ,2020,18
30430,AZ,2019,18
30430,AZ,2018,13
30431,AZ,2020,18
30431,AZ,2019,18
30431,AZ,2018,14
30488,AZ,2018,6
30521,AZ,2018,1
30533,AZ,2018,18
30580,AZ,2019,4
30580,AZ,2018,7
30610,AZ,2019,1
30610,AZ,2018,3
30636,AZ,2020,6
30636,AZ,2019,3
30636,AZ,2018,5
30724,AZ,2018,2
30743,AZ,2018,2
30748,AZ,2018,3
30776,AZ,2018,2
30777,AZ,2018,1
30778,AZ,2018,2
30779,AZ,2018,7
30780,AZ,2018,7
30812,AZ,2020,7
30812,AZ,2019,2
30812,AZ,2018,1
31057,AZ,2019,7
31160,AZ,2019,9
31185,AZ,2019,2
31186,AZ,2019,2
31187,AZ,2019,2
31187,AZ,2018,1
31188,AZ,2019,2
31189,AZ,2019,2
31190,AZ,2019,2
31191,AZ,2019,2
31192,AZ,2019,2
31193,AZ,2019,2
31194,AZ,2019,2
31195,AZ,2019,2
31196,AZ,2019,2
31197,AZ,2019,2
31198,AZ,2019,2
31199,AZ,2019,2
31339,AZ,2020,3
31339,AZ,2019,13
31340,AZ,2020,3
31340,AZ,2019,13
31367,AZ,2020,3
31367,AZ,2019,12
31467,AZ,2020,13
31467,AZ,2019,13
31551,AZ,2019,11
31570,AZ,2018,3
31572,AZ,2018,4
31573,AZ,2018,4
31574,AZ,2018,4
31575,AZ,2018,4
31663,AZ,2019,2
31663,AZ,2018,3
31691,AZ,2020,1
31691,AZ,2019,15
32714,AZ,2019,1
32737,AZ,2019,1
32748,AZ,2019,7
32995,AZ,2019,6
33157,AZ,2019,3
33157,AZ,2018,4
33189,AZ,2020,3
33199,AZ,2019,2
33351,AZ,2020,14
33351,AZ,2019,14
33593,AZ,2019,2
33609,AZ,2019,13
33723,AZ,2019,26
33740,AZ,2019,4
33767,AZ,2019,4
33768,AZ,2019,6
33816,AZ,2019,3
33932,AZ,2019,3
33933,AZ,2019,3
34082,AZ,2019,1
34083,AZ,2019,3
34168,AZ,2019,2
34174,AZ,2019,1
34234,AZ,2020,14
34234,AZ,2019,5
34244,AZ,2020,9
34244,AZ,2019,6
34252,AZ,2019,1
34267,AZ,2019,2
34526,AZ,2020,5
34563,AZ,2020,5
34937,AZ,2020,8
34949,AZ,2020,9
34995,AZ,2020,1
35023,AZ,2020,1
35025,AZ,2020,1
35567,AZ,2020,1
35912,AZ,2019,11
35912,AZ,2018,13
35913,AZ,2019,13
35913,AZ,2018,13
36284,AZ,2020,1
36336,AZ,2020,1
36882,AZ,2020,15
36883,AZ,2020,1
37403,AZ,2020,9
37574,AZ,2020,5
37688,AZ,2020,5
37690,AZ,2020,17
37723,AZ,2020,1
37738,AZ,2020,5
37823,AZ,2020,3
37959,AZ,2020,1
38286,AZ,2020,3
38326,AZ,2020,13
38340,AZ,2020,12
38374,AZ,2020,8
38395,AZ,2020,1
38493,AZ,2020,7
38493,AZ,2019,1
38571,AZ,2020,10
38585,AZ,2020,8
38631,AZ,2020,4
38648,AZ,2020,1
38707,AZ,2020,1
38806,AZ,2020,1
22577,BC,2019,2
22577,BC,2018,10
24718,BC,2019,7
24718,BC,2018,7
25009,BC,2019,6
25009,BC,2018,9
25010,BC,2019,6
25010,BC,2018,8
33258,BC,2019,1
1051,CA,2018,1
1380,CA,2020,6
1380,CA,2019,5
1380,CA,2018,16
1559,CA,2019,1
1559,CA,2018,1
5389,CA,2020,4
5389,CA,2019,12
5389,CA,2018,11
5390,CA,2020,4
5390,CA,2019,12
5390,CA,2018,11
5391,CA,2020,4
5391,CA,2019,12
5391,CA,2018,11
5392,CA,2018,5
5393,CA,2018,5
5394,CA,2018,5
5395,CA,2018,5
5442,CA,2020,9
5442,CA,2019,14
5442,CA,2018,11
5443,CA,2020,1
5443,CA,2019,11
5443,CA,2018,5
5444,CA,2020,1
5444,CA,2019,12
5444,CA,2018,5
5445,CA,2020,1
5445,CA,2019,12
5445,CA,2018,5
5446,CA,2018,9
5447,CA,2018,9
5448,CA,2018,9
5449,CA,2018,9
5850,CA,2020,1
5850,CA,2019,12
5850,CA,2018,3
5851,CA,2020,1
5851,CA,2019,12
5851,CA,2018,3
5852,CA,2020,1
5852,CA,2019,12
5852,CA,2018,3
5857,CA,2018,5
6081,CA,2020,4
6081,CA,2019,4
6081,CA,2018,14
6082,CA,2020,4
6082,CA,2019,4
6082,CA,2018,13
6085,CA,2020,4
6085,CA,2019,4
6085,CA,2018,13
6086,CA,2020,4
6086,CA,2019,3
6086,CA,2018,13
6091,CA,2020,4
6091,CA,2019,13
6091,CA,2018,14
6092,CA,2020,4
6092,CA,2019,11
6092,CA,2018,13
6093,CA,2020,4
6093,CA,2019,13
6093,CA,2018,14
6094,CA,2020,4
6094,CA,2019,13
6094,CA,2018,14
6095,CA,2020,4
6095,CA,2019,13
6095,CA,2018,14
6097,CA,2020,4
6097,CA,2019,13
6097,CA,2018,14
6098,CA,2020,4
6098,CA,2019,13
6098,CA,2018,14
6099,CA,2020,4
6099,CA,2019,12
6099,CA,2018,14
6100,CA,2020,3
6100,CA,2019,13
6100,CA,2018,13
6149,CA,2020,4
6149,CA,2019,4
6149,CA,2018,13
6151,CA,2020,4
6151,CA,2019,4
6151,CA,2018,13
6213,CA,2019,5
6213,CA,2018,15
6214,CA,2019,4
6214,CA,2018,14
6215,CA,2019,4
6215,CA,2018,14
6216,CA,2019,4
6216,CA,2018,13
6217,CA,2019,4
6217,CA,2018,13
6218,CA,2019,4
6218,CA,2018,13
6219,CA,2019,4
6219,CA,2018,13
6220,CA,2019,4
6220,CA,2018,13
6221,CA,2019,4
6221,CA,2018,13
6398,CA,2020,9
6398,CA,2019,1
6398,CA,2018,31
6399,CA,2020,25
6399,CA,2019,24
6399,CA,2018,27
6443,CA,2018,5
6466,CA,2020,5
6466,CA,2019,8
6466,CA,2018,5
6471,CA,2018,12
8330,CA,2018,1
8417,CA,2018,1
8768,CA,2020,7
8768,CA,2019,9
8768,CA,2018,10
8769,CA,2020,11
8769,CA,2019,13
8769,CA,2018,12
8770,CA,2020,5
8770,CA,2019,9
8770,CA,2018,11
8835,CA,2020,1
8835,CA,2019,11
8835,CA,2018,10
8861,CA,2020,2
8861,CA,2019,2
8861,CA,2018,1
8862,CA,2020,2
8862,CA,2019,2
8862,CA,2018,1
8863,CA,2020,2
8863,CA,2019,2
8863,CA,2018,1
8865,CA,2020,2
8865,CA,2019,2
8865,CA,2018,1
8919,CA,2018,5
8921,CA,2019,9
8921,CA,2018,8
8927,CA,2020,1
8927,CA,2019,4
8927,CA,2018,3
8937,CA,2020,2
8937,CA,2019,2
8937,CA,2018,1
8940,CA,2020,1
8940,CA,2019,10
8940,CA,2018,19
8957,CA,2020,12
8957,CA,2019,31
8957,CA,2018,28
8959,CA,2020,12
8959,CA,2019,31
8959,CA,2018,28
8984,CA,2019,1
8984,CA,2018,5
8985,CA,2019,1
8985,CA,2018,5
8986,CA,2019,1
8986,CA,2018,5
8987,CA,2019,1
8987,CA,2018,5
8988,CA,2019,1
8988,CA,2018,5
8989,CA,2019,1
8989,CA,2018,5
9004,CA,2020,2
9004,CA,2019,3
9004,CA,2018,1
9022,CA,2018,5
9048,CA,2020,3
9048,CA,2019,10
9048,CA,2018,10
9049,CA,2020,10
9049,CA,2019,9
9049,CA,2018,9
9241,CA,2020,12
9241,CA,2019,31
9241,CA,2018,28
9242,CA,2020,12
9242,CA,2019,31
9242,CA,2018,28
9521,CA,2018,2
9657,CA,2018,3
10142,CA,2020,12
10142,CA,2019,9
10142,CA,2018,9
10995,CA,2018,3
11410,CA,2018,3
12493,CA,2018,3
12534,CA,2018,4
12725,CA,2020,4
12725,CA,2019,37
12725,CA,2018,39
16262,CA,2019,16
16262,CA,2018,13
16358,CA,2020,8
16374,CA,2020,1
16374,CA,2019,33
16374,CA,2018,14
16440,CA,2018,1
16496,CA,2020,1
16496,CA,2019,2
16496,CA,2018,2
16587,CA,2020,1
16587,CA,2019,2
16587,CA,2018,2
16588,CA,2020,1
16588,CA,2019,2
16588,CA,2018,2
16590,CA,2020,3
16590,CA,2019,7
16590,CA,2018,8
16591,CA,2020,3
16591,CA,2019,8
16591,CA,2018,8
16592,CA,2020,3
16592,CA,2019,8
16592,CA,2018,8
16610,CA,2020,9
16610,CA,2019,4
16610,CA,2018,31
16902,CA,2020,1
16902,CA,2019,24
16902,CA,2018,21
17019,CA,2019,1
17019,CA,2018,5
17670,CA,2020,7
17670,CA,2019,43
17670,CA,2018,38
17673,CA,2018,1
17707,CA,2020,6
17707,CA,2019,37
17707,CA,2018,47
17906,CA,2018,2
18183,CA,2019,1
18183,CA,2018,3
19550,CA,2020,2
19550,CA,2019,18
19550,CA,2018,11
19944,CA,2020,19
19944,CA,2019,24
19944,CA,2018,26
20765,CA,2020,3
20765,CA,2019,8
20765,CA,2018,8
20956,CA,2020,1
20956,CA,2019,2
20956,CA,2018,2
20969,CA,2020,4
20969,CA,2019,10
20969,CA,2018,10
21017,CA,2020,11
21017,CA,2019,9
21017,CA,2018,14
21131,CA,2020,6
21131,CA,2019,10
21131,CA,2018,12
21132,CA,2020,6
21132,CA,2019,7
21132,CA,2018,12
21133,CA,2020,6
21133,CA,2019,8
21133,CA,2018,13
21134,CA,2020,6
21134,CA,2019,8
21134,CA,2018,12
21140,CA,2020,5
21140,CA,2019,5
21140,CA,2018,11
21141,CA,2020,5
21141,CA,2019,5
21141,CA,2018,11
21142,CA,2020,5
21142,CA,2019,5
21142,CA,2018,10
21143,CA,2020,5
21143,CA,2019,5
21143,CA,2018,11
21144,CA,2020,5
21144,CA,2019,5
21144,CA,2018,11
21285,CA,2018,2
21371,CA,2019,1
21371,CA,2018,4
22149,CA,2019,2
22149,CA,2018,2
22408,CA,2020,1
22740,CA,2020,1
22740,CA,2019,7
22740,CA,2018,6
22858,CA,2020,13
22858,CA,2019,13
22858,CA,2018,11
22906,CA,2020,2
22906,CA,2019,11
22906,CA,2018,7
23390,CA,2020,4
23390,CA,2019,2
23390,CA,2018,2
23452,CA,2018,1
23812,CA,2020,1
23812,CA,2019,5
23812,CA,2018,8
23838,CA,2018,6
23985,CA,2018,6
24998,CA,2018,3
25118,CA,2018,3
26104,CA,2019,4
26230,CA,2019,1
26230,CA,2018,2
26546,CA,2020,8
26546,CA,2019,5
26546,CA,2018,8
26955,CA,2018,1
27172,CA,2018,1
27407,CA,2020,13
27407,CA,2019,13
27407,CA,2018,11
27544,CA,2019,4
27544,CA,2018,11
27847,CA,2018,10
28115,CA,2020,2
28115,CA,2019,9
28115,CA,2018,7
28636,CA,2018,9
28647,CA,2018,3
28680,CA,2018,4
28764,CA,2018,3
28835,CA,2018,4
28889,CA,2018,1
29064,CA,2018,1
29245,CA,2018,3
29251,CA,2018,1
29254,CA,2018,1
29281,CA,2018,1
29289,CA,2018,1
29293,CA,2018,3
29295,CA,2018,1
29296,CA,2018,1
29325,CA,2018,1
29333,CA,2018,13
29335,CA,2018,1
29342,CA,2018,1
29343,CA,2018,1
29344,CA,2018,1
29346,CA,2018,2
29358,CA,2018,7
29373,CA,2018,2
29375,CA,2018,1
29379,CA,2018,1
29382,CA,2018,1
29395,CA,2018,2
29405,CA,2018,1
29408,CA,2018,1
29412,CA,2018,1
29414,CA,2018,1
29415,CA,2018,2
29420,CA,2018,2
29426,CA,2018,1
29431,CA,2018,3
29432,CA,2018,2
29439,CA,2018,3
29441,CA,2018,1
29442,CA,2018,2
29443,CA,2018,1
29451,CA,2018,2
29456,CA,2018,1
29457,CA,2018,3
29460,CA,2018,2
29461,CA,2018,3
29462,CA,2018,1
29463,CA,2018,2
29465,CA,2018,1
29470,CA,2018,2
29471,CA,2018,1
29472,CA,2018,2
29475,CA,2018,1
29480,CA,2018,4
29482,CA,2018,1
29483,CA,2018,1
29489,CA,2018,1
29490,CA,2018,1
29491,CA,2018,2
29499,CA,2018,1
29510,CA,2018,1
29511,CA,2018,1
29523,CA,2018,1
29535,CA,2018,3
29536,CA,2018,2
29538,CA,2018,2
29542,CA,2018,2
29544,CA,2018,2
29548,CA,2018,1
29549,CA,2018,1
29550,CA,2018,2
29551,CA,2018,4
29552,CA,2018,2
29553,CA,2018,3
29558,CA,2018,3
29567,CA,2018,2
29570,CA,2018,2
29577,CA,2018,4
29581,CA,2018,2
29582,CA,2018,1
29583,CA,2018,2
29587,CA,2018,1
29588,CA,2018,2
29589,CA,2018,1
29591,CA,2018,1
29592,CA,2018,1
29594,CA,2018,2
29596,CA,2018,2
29598,CA,2018,2
29600,CA,2018,2
29601,CA,2018,2
29603,CA,2018,1
29604,CA,2018,2
29605,CA,2018,2
29608,CA,2018,2
29609,CA,2018,3
29610,CA,2018,2
29613,CA,2018,2
29614,CA,2018,2
29616,CA,2018,1
29617,CA,2018,1
29618,CA,2018,1
29619,CA,2018,1
29620,CA,2018,2
29622,CA,2018,1
29623,CA,2018,2
29624,CA,2018,2
29625,CA,2018,3
29626,CA,2018,1
29628,CA,2018,2
29629,CA,2018,1
29630,CA,2018,1
29631,CA,2018,1
29632,CA,2018,4
29633,CA,2018,1
29634,CA,2018,2
29635,CA,2018,1
29636,CA,2018,2
29637,CA,2018,1
29638,CA,2018,1
29639,CA,2018,2
29640,CA,2018,2
29641,CA,2018,1
29643,CA,2018,1
29644,CA,2018,2
29651,CA,2018,2
29662,CA,2018,1
29679,CA,2018,2
29681,CA,2018,2
29682,CA,2018,1
29684,CA,2018,1
29689,CA,2018,1
29691,CA,2018,1
29721,CA,2018,1
29729,CA,2018,2
29731,CA,2018,2
29737,CA,2018,1
29738,CA,2018,1
29748,CA,2018,1
29750,CA,2018,1
29751,CA,2018,10
29753,CA,2018,1
29754,CA,2018,3
29757,CA,2018,1
29758,CA,2018,2
29759,CA,2018,1
29760,CA,2018,2
29762,CA,2018,3
29763,CA,2018,1
29766,CA,2018,1
29767,CA,2018,1
29768,CA,2018,2
29769,CA,2018,1
29770,CA,2018,1
29772,CA,2018,2
29774,CA,2018,1
29775,CA,2018,1
29776,CA,2018,1
29779,CA,2018,1
29780,CA,2018,1
29781,CA,2018,1
29782,CA,2018,2
29783,CA,2018,1
29784,CA,2018,1
29786,CA,2018,1
29787,CA,2018,2
29788,CA,2018,3
29789,CA,2018,1
29790,CA,2018,1
29791,CA,2018,1
29792,CA,2018,1
29793,CA,2018,1
29794,CA,2018,1
29796,CA,2018,2
29799,CA,2018,1
29800,CA,2018,2
29804,CA,2018,1
29808,CA,2018,1
29812,CA,2018,2
29814,CA,2018,3
29823,CA,2018,1
29833,CA,2018,1
29866,CA,2018,2
29999,CA,2018,1
30047,CA,2018,1
30109,CA,2018,3
30136,CA,2018,1
30195,CA,2018,1
30209,CA,2018,1
30212,CA,2018,1
30213,CA,2018,1
30216,CA,2018,1
30217,CA,2018,1
30218,CA,2018,1
30243,CA,2018,5
30264,CA,2018,2
30307,CA,2018,12
30322,CA,2018,11
30323,CA,2018,2
30332,CA,2018,1
30346,CA,2018,10
30347,CA,2018,12
30359,CA,2018,8
30361,CA,2018,1
30362,CA,2019,4
30362,CA,2018,3
30363,CA,2018,14
30452,CA,2018,15
30477,CA,2018,2
30577,CA,2018,1
30579,CA,2018,1
30593,CA,2018,1
30602,CA,2018,1
30616,CA,2018,1
30689,CA,2018,3
30691,CA,2018,1
30695,CA,2018,3
30697,CA,2018,1
30699,CA,2018,3
30709,CA,2018,1
30718,CA,2018,6
30721,CA,2018,3
30728,CA,2018,1
30752,CA,2018,1
30761,CA,2018,1
30763,CA,2018,1
30772,CA,2018,1
30773,CA,2018,1
30796,CA,2018,1
30799,CA,2018,1
30804,CA,2018,1
30806,CA,2018,1
30813,CA,2018,1
30824,CA,2018,1
30825,CA,2018,1
30826,CA,2018,1
30839,CA,2018,3
30845,CA,2018,2
30847,CA,2018,1
30850,CA,2018,1
30884,CA,2018,1
30885,CA,2018,1
30886,CA,2018,1
30887,CA,2018,1
30888,CA,2018,1
30941,CA,2018,1
31114,CA,2020,3
31590,CA,2019,3
31604,CA,2019,1
31702,CA,2019,4
31703,CA,2020,5
31703,CA,2019,3
31704,CA,2020,1
31704,CA,2019,1
31705,CA,2019,6
31706,CA,2019,6
31964,CA,2020,13
31964,CA,2019,13
31975,CA,2019,1
32337,CA,2019,1
32368,CA,2019,6
32391,CA,2019,3
32666,CA,2019,2
32879,CA,2019,17
32921,CA,2019,10
32966,CA,2019,2
33140,CA,2019,2
33148,CA,2019,1
33151,CA,2019,1
33161,CA,2019,1
33180,CA,2019,3
33187,CA,2019,6
33191,CA,2019,5
33200,CA,2019,2
33201,CA,2019,1
33223,CA,2019,2
33227,CA,2019,2
33228,CA,2019,2
33230,CA,2019,2
33232,CA,2019,4
33233,CA,2019,2
33235,CA,2019,2
33237,CA,2019,2
33238,CA,2019,2
33241,CA,2019,2
33242,CA,2019,1
33243,CA,2019,2
33244,CA,2019,3
33245,CA,2019,2
33246,CA,2019,2
33247,CA,2019,2
33248,CA,2019,2
33249,CA,2019,3
33252,CA,2019,4
33253,CA,2019,2
33254,CA,2019,2
33255,CA,2019,2
33263,CA,2019,2
33264,CA,2019,2
33265,CA,2019,2
33266,CA,2019,2
33307,CA,2019,2
33308,CA,2019,2
33309,CA,2019,2
33312,CA,2019,1
33316,CA,2019,2
33318,CA,2019,2
33321,CA,2019,2
33322,CA,2019,2
33323,CA,2019,1
33324,CA,2019,1
33325,CA,2019,2
33382,CA,2020,4
33382,CA,2019,24
33519,CA,2019,1
33521,CA,2019,1
33598,CA,2019,8
33633,CA,2019,13
33634,CA,2019,2
33643,CA,2019,1
33644,CA,2019,1
33663,CA,2019,9
33704,CA,2019,2
33807,CA,2019,1
33809,CA,2019,3
33818,CA,2019,2
33823,CA,2019,5
33828,CA,2019,8
33978,CA,2019,2
33998,CA,2019,1
34007,CA,2019,1
34018,CA,2019,2
34063,CA,2019,4
34089,CA,2019,4
34090,CA,2019,1
34128,CA,2019,1
34129,CA,2019,3
34133,CA,2019,1
34139,CA,2019,5
34146,CA,2019,1
34300,CA,2019,1
34304,CA,2019,2
34313,CA,2019,3
34314,CA,2019,2
34350,CA,2019,2
34559,CA,2019,13
34667,CA,2020,3
35077,CA,2020,7
35163,CA,2020,7
35238,CA,2020,1
35908,CA,2019,13
35908,CA,2018,14
35909,CA,2019,13
35910,CA,2019,12
35910,CA,2018,7
35911,CA,2019,12
36096,CA,2020,5
36098,CA,2020,14
36121,CA,2020,1
36139,CA,2020,14
36150,CA,2020,6
36393,CA,2020,1
36541,CA,2020,6
36742,CA,2020,2
36871,CA,2020,15
36930,CA,2020,2
37104,CA,2020,1
37415,CA,2020,1
37549,CA,2020,1
37588,CA,2020,2
37877,CA,2020,1
38054,CA,2020,5
38055,CA,2020,1
38312,CA,2020,7
38345,CA,2020,1
38361,CA,2020,1
38496,CA,2020,1
38589,CA,2020,3
38840,CA,2020,1
39298,CA,2020,5
63,CO,2019,6
63,CO,2018,13
261,CO,2019,2
261,CO,2018,6
263,CO,2020,6
263,CO,2019,3
2533,CO,2019,3
2803,CO,2020,22
2803,CO,2019,20
2803,CO,2018,20
5364,CO,2020,1
6563,CO,2020,7
6563,CO,2019,6
6563,CO,2018,9
8309,CO,2018,10
9927,CO,2020,13
9927,CO,2019,11
9927,CO,2018,5
10143,CO,2020,44
10143,CO,2019,34
10143,CO,2018,48
12708,CO,2018,2
14887,CO,2020,4
14887,CO,2019,4
14887,CO,2018,7
19185,CO,2019,2
19943,CO,2020,13
19943,CO,2019,49
19943,CO,2018,52
20305,CO,2020,42
20305,CO,2018,8
21024,CO,2020,13
21024,CO,2019,48
21024,CO,2018,47
21468,CO,2020,5
21468,CO,2019,38
21468,CO,2018,39
21470,CO,2019,39
21470,CO,2018,36
21471,CO,2020,11
21471,CO,2019,38
21471,CO,2018,38
22743,CO,2020,9
22743,CO,2019,2
22743,CO,2018,6
24799,CO,2020,10
25483,CO,2020,8
25483,CO,2019,2
25483,CO,2018,1
26649,CO,2018,2
27478,CO,2019,8
27478,CO,2018,2
27875,CO,2020,4
27875,CO,2019,4
27875,CO,2018,3
28819,CO,2018,9
28836,CO,2018,3
28855,CO,2018,2
28859,CO,2018,13
28867,CO,2018,21
28868,CO,2018,27
28890,CO,2018,30
28891,CO,2018,5
28895,CO,2018,20
28902,CO,2018,14
28903,CO,2018,19
28904,CO,2018,18
28936,CO,2018,2
28953,CO,2018,17
29241,CO,2020,1
29455,CO,2018,6
29529,CO,2018,4
29559,CO,2020,1
29849,CO,2018,7
29887,CO,2020,16
29887,CO,2019,13
29887,CO,2018,20
29966,CO,2018,4
30039,CO,2020,1
30089,CO,2018,4
30118,CO,2018,1
30355,CO,2018,1
30553,CO,2018,1
30666,CO,2019,5
30666,CO,2018,2
31312,CO,2020,1
31312,CO,2019,4
32633,CO,2019,9
32658,CO,2019,5
32680,CO,2019,13
32690,CO,2019,19
32693,CO,2019,20
32694,CO,2019,23
32724,CO,2019,16
32752,CO,2019,27
32752,CO,2018,1
32770,CO,2019,4
32797,CO,2019,18
32812,CO,2019,3
32818,CO,2019,6
32836,CO,2019,23
32838,CO,2019,16
32840,CO,2019,18
32842,CO,2019,5
32843,CO,2019,21
32844,CO,2019,5
32916,CO,2019,3
32962,CO,2019,1
33059,CO,2019,2
33061,CO,2019,5
33438,CO,2019,14
33442,CO,2019,4
33455,CO,2019,2
33505,CO,2019,1
33707,CO,2019,6
34044,CO,2019,1
34160,CO,2019,1
34763,CO,2019,1
34781,CO,2020,1
35147,CO,2020,4
35863,CO,2019,11
35863,CO,2018,13
35864,CO,2019,6
35890,CO,2019,10
35890,CO,2018,7
35891,CO,2019,9
35891,CO,2018,7
35902,CO,2019,1
35902,CO,2018,1
35903,CO,2019,6
35903,CO,2018,4
36265,CO,2020,16
36394,CO,2020,1
36445,CO,2020,4
36623,CO,2020,3
36638,CO,2020,1
36661,CO,2020,1
37662,CO,2020,2
37930,CO,2020,1
38089,CO,2020,5
38183,CO,2020,3
38316,CO,2020,1
38575,CO,2020,1
39072,CO,2020,1
771,CT,2018,5
850,CT,2018,1
2540,CT,2019,9
2540,CT,2018,10
8207,CT,2019,9
8207,CT,2018,8
8208,CT,2019,9
8208,CT,2018,10
8209,CT,2019,9
8209,CT,2018,9
8210,CT,2019,7
8210,CT,2018,9
22151,CT,2018,22
27149,CT,2018,3
28824,CT,2018,12
32855,CT,2019,1
33314,CT,2019,1
34088,CT,2019,1
34243,CT,2019,1
36101,CT,2020,9
37007,CT,2020,2
37862,CT,2020,16
37864,CT,2020,13
38296,CT,2020,8
6209,DC,2018,1
9511,DC,2018,2
24793,DC,2020,14
24793,DC,2019,10
24793,DC,2018,14
29913,DC,2020,6
29913,DC,2019,45
29913,DC,2018,36
29915,DC,2020,5
29915,DC,2019,12
29915,DC,2018,12
29916,DC,2020,9
29916,DC,2019,46
29916,DC,2018,29
29917,DC,2020,8
29917,DC,2019,13
29917,DC,2018,12
30755,DC,2019,1
31254,DC,2020,3
31254,DC,2019,1
31255,DC,2020,1
31255,DC,2019,1
31256,DC,2020,4
31256,DC,2019,1
31257,DC,2020,1
31257,DC,2019,1
31258,DC,2020,2
31258,DC,2019,1
31259,DC,2020,1
31259,DC,2019,1
31260,DC,2020,1
31260,DC,2019,1
31261,DC,2020,2
31261,DC,2019,1
31262,DC,2019,1
34068,DC,2020,9
34068,DC,2019,5
35961,DC,2020,2
38057,DC,2020,1
39172,DC,2020,1
28549,DE,2019,2
28549,DE,2018,5
30736,DE,2018,1
35648,DE,2020,7
37375,DE,2020,3
5758,FL,2020,4
5758,FL,2019,11
5758,FL,2018,5
9506,FL,2020,2
9506,FL,2018,7
16295,FL,2020,12
16295,FL,2019,8
16295,FL,2018,13
24181,FL,2019,7
24181,FL,2018,10
28095,FL,2019,8
28095,FL,2018,5
28527,FL,2018,1
28618,FL,2018,24
28763,FL,2019,16
28763,FL,2018,6
28773,FL,2019,3
28773,FL,2018,1
28840,FL,2019,1
28840,FL,2018,3
28883,FL,2020,4
28883,FL,2019,9
28883,FL,2018,23
28884,FL,2019,6
28884,FL,2018,14
28885,FL,2019,2
28941,FL,2018,6
30468,FL,2018,1
30473,FL,2018,1
30480,FL,2018,1
30665,FL,2019,1
30665,FL,2018,1
33174,FL,2019,1
33175,FL,2019,2
33194,FL,2019,3
33195,FL,2019,2
33196,FL,2019,4
33791,FL,2019,2
35870,FL,2019,13
35870,FL,2018,13
35900,FL,2019,7
35900,FL,2018,13
36503,FL,2020,1
36839,FL,2020,2
38122,FL,2020,1
38758,FL,2020,1
38837,FL,2020,2
10150,GA,2020,2
10150,GA,2018,3
11644,GA,2019,3
11644,GA,2018,3
16539,GA,2020,3
17048,GA,2019,5
17243,GA,2020,1
17468,GA,2018,10
19902,GA,2019,6
19902,GA,2018,1
20295,GA,2019,1
20295,GA,2018,1
20364,GA,2019,2
20364,GA,2018,3
25524,GA,2019,2
26144,GA,2019,2
29351,GA,2018,10
30343,GA,2019,2
30343,GA,2018,4
30552,GA,2018,3
33495,GA,2020,1
33495,GA,2019,3
33803,GA,2019,1
35716,GA,2020,92
35878,GA,2019,12
35878,GA,2018,13
36535,GA,2020,1
38499,GA,2020,1
35874,GuÃ¡nica,2019,13
35874,GuÃ¡nica,2018,13
37996,HE,2020,1
22303,HI,2019,2
29685,HI,2018,1
33597,HI,2019,1
33679,HI,2019,1
35901,HI,2019,13
754,IA,2018,2
22979,IA,2020,10
22979,IA,2019,12
22979,IA,2018,13
22981,IA,2020,9
22981,IA,2019,12
22981,IA,2018,13
25661,IA,2020,4
25661,IA,2019,8
25661,IA,2018,1
28887,IA,2020,17
29974,IA,2018,1
29989,IA,2018,1
30132,IA,2018,1
30272,IA,2018,1
31266,IA,2019,2
33012,IA,2020,11
33012,IA,2019,9
33271,IA,2019,1
33886,IA,2019,1
33942,IA,2019,1
33987,IA,2019,2
33988,IA,2019,1
34201,IA,2019,1
38076,IA,2020,5
5160,ID,2018,4
22329,ID,2018,1
26059,ID,2018,5
26090,ID,2018,10
26091,ID,2018,10
26092,ID,2018,10
26093,ID,2018,10
26094,ID,2018,9
26095,ID,2018,9
26096,ID,2018,14
26097,ID,2018,14
26098,ID,2018,9
26099,ID,2018,7
30613,ID,2018,1
33015,ID,2019,1
33279,ID,2019,32
36826,ID,2020,5
38491,ID,2020,1
73,IL,2019,2
347,IL,2018,5
1191,IL,2019,2
1191,IL,2018,1
1419,IL,2020,8
1419,IL,2019,7
1419,IL,2018,9
9719,IL,2018,3
11739,IL,2020,2
11739,IL,2019,5
11739,IL,2018,4
22259,IL,2020,8
22259,IL,2019,9
22259,IL,2018,18
23558,IL,2020,7
23558,IL,2019,9
23713,IL,2019,1
25182,IL,2020,8
25182,IL,2019,16
25182,IL,2018,23
25183,IL,2019,14
25183,IL,2018,21
25188,IL,2019,3
25188,IL,2018,11
25193,IL,2019,13
25193,IL,2018,16
25194,IL,2018,6
25196,IL,2018,6
25426,IL,2018,2
25427,IL,2018,9
25428,IL,2019,7
25428,IL,2018,16
25430,IL,2018,34
25431,IL,2019,1
25431,IL,2018,18
25432,IL,2018,14
25433,IL,2018,23
25434,IL,2020,11
25434,IL,2019,10
25434,IL,2018,18
25488,IL,2020,4
25865,IL,2018,1
26202,IL,2020,7
26202,IL,2019,38
26202,IL,2018,51
26363,IL,2020,10
26363,IL,2018,8
26765,IL,2019,7
26765,IL,2018,5
26941,IL,2018,3
27683,IL,2020,2
27683,IL,2019,21
27683,IL,2018,37
28500,IL,2018,1
28705,IL,2018,6
28777,IL,2018,4
28779,IL,2018,7
28780,IL,2018,2
28781,IL,2018,7
28817,IL,2018,15
28820,IL,2018,4
28822,IL,2018,10
28942,IL,2018,2
29237,IL,2018,9
29266,IL,2018,7
29278,IL,2018,10
29294,IL,2018,10
29330,IL,2018,10
29621,IL,2018,6
29670,IL,2018,1
29690,IL,2018,5
29734,IL,2018,10
29747,IL,2018,11
29802,IL,2018,4
29807,IL,2018,8
29834,IL,2018,7
29843,IL,2018,10
29998,IL,2018,1
30030,IL,2018,2
30057,IL,2018,7
30066,IL,2018,4
30099,IL,2018,7
30110,IL,2018,7
30111,IL,2018,9
30117,IL,2018,4
30137,IL,2018,3
30144,IL,2018,7
30146,IL,2018,7
30166,IL,2018,7
30174,IL,2018,7
30175,IL,2018,7
30179,IL,2018,7
30180,IL,2018,7
30183,IL,2018,7
30194,IL,2018,7
30200,IL,2018,7
30204,IL,2018,4
30210,IL,2018,1
30224,IL,2018,1
30239,IL,2018,4
30246,IL,2018,6
30247,IL,2018,7
30248,IL,2018,7
30249,IL,2018,7
30251,IL,2018,4
30252,IL,2018,8
30255,IL,2018,15
30257,IL,2018,6
30261,IL,2018,3
30328,IL,2018,5
30366,IL,2018,1
30369,IL,2018,1
30370,IL,2018,1
30394,IL,2018,1
30428,IL,2018,3
30443,IL,2018,3
30449,IL,2018,3
30453,IL,2018,3
30469,IL,2018,3
30479,IL,2018,4
30487,IL,2018,2
30597,IL,2020,1
30714,IL,2018,5
30768,IL,2018,7
30883,IL,2018,8
30970,IL,2020,16
30970,IL,2019,9
31825,IL,2020,6
31825,IL,2019,6
33062,IL,2019,7
33649,IL,2019,2
33650,IL,2019,1
33653,IL,2019,4
33657,IL,2019,2
33659,IL,2019,8
33742,IL,2019,1
33743,IL,2019,1
33800,IL,2019,1
33833,IL,2019,1
34064,IL,2019,1
34156,IL,2019,2
34198,IL,2019,1
34232,IL,2019,1
34248,IL,2019,2
36040,IL,2020,3
36056,IL,2020,3
36849,IL,2020,1
36922,IL,2020,1
37392,IL,2020,1
37515,IL,2020,23
37550,IL,2020,10
37735,IL,2020,4
37828,IL,2020,3
37845,IL,2020,9
37922,IL,2020,14
38001,IL,2020,5
38084,IL,2020,7
38131,IL,2020,1
38135,IL,2020,4
38186,IL,2020,1
38188,IL,2020,8
38189,IL,2020,5
38311,IL,2020,3
38327,IL,2020,4
38394,IL,2020,2
38409,IL,2020,1
38414,IL,2020,1
38516,IL,2020,3
38591,IL,2020,1
38596,IL,2020,1
38618,IL,2020,4
38620,IL,2020,5
38625,IL,2020,3
38629,IL,2020,3
38636,IL,2020,3
38639,IL,2020,3
38649,IL,2020,3
38649,IL,2019,47
38651,IL,2020,1
38652,IL,2020,5
38663,IL,2020,5
38669,IL,2020,9
38677,IL,2020,1
38685,IL,2020,4
38702,IL,2020,1
38705,IL,2020,1
38706,IL,2020,1
38710,IL,2020,1
38718,IL,2020,2
38726,IL,2020,11
38740,IL,2020,4
38741,IL,2020,3
38766,IL,2020,3
38802,IL,2020,1
38928,IL,2020,3
10542,IN,2019,1
10542,IN,2018,4
10779,IN,2020,2
21812,IN,2020,23
23309,IN,2020,8
25972,IN,2019,5
25972,IN,2018,3
25992,IN,2020,15
25992,IN,2019,11
25992,IN,2018,26
26797,IN,2020,1
27138,IN,2018,7
28633,IN,2018,12
28732,IN,2018,7
28733,IN,2018,1
28774,IN,2018,6
28775,IN,2018,11
28776,IN,2018,2
28940,IN,2018,3
28962,IN,2018,1
28964,IN,2018,1
29014,IN,2018,8
29023,IN,2018,1
29027,IN,2018,2
29136,IN,2018,6
29137,IN,2018,3
29138,IN,2018,1
29151,IN,2020,1
29151,IN,2018,23
29152,IN,2018,12
29153,IN,2018,3
29207,IN,2018,1
29525,IN,2018,1
29565,IN,2018,2
29566,IN,2018,2
29569,IN,2018,1
29576,IN,2018,4
29686,IN,2018,6
29851,IN,2018,3
29951,IN,2018,7
30435,IN,2018,2
30466,IN,2020,9
30466,IN,2019,8
30466,IN,2018,11
31512,IN,2020,3
31512,IN,2019,13
31699,IN,2020,8
31699,IN,2019,10
32360,IN,2020,11
32360,IN,2019,14
32388,IN,2020,14
32388,IN,2019,11
32443,IN,2020,25
32443,IN,2019,16
32465,IN,2019,3
32607,IN,2020,9
32607,IN,2019,9
32607,IN,2018,23
32872,IN,2019,7
32877,IN,2020,13
32877,IN,2019,13
32892,IN,2019,2
32898,IN,2019,4
33126,IN,2019,1
33388,IN,2019,3
33482,IN,2019,13
33965,IN,2019,1
34665,IN,2020,15
35126,IN,2020,8
35162,IN,2020,6
35274,IN,2020,6
36425,IN,2020,2
36532,IN,2020,7
37694,IN,2020,19
37775,IN,2020,16
37779,IN,2020,18
38182,IN,2020,1
38196,IN,2020,6
38315,IN,2020,2
38501,IN,2020,12
38506,IN,2020,14
38508,IN,2020,12
38570,IN,2020,4
38613,IN,2020,3
38653,IN,2020,4
38727,IN,2020,2
38803,IN,2020,8
38962,IN,2020,1
38963,IN,2020,3
38977,IN,2020,2
38999,IN,2020,2
39018,IN,2020,1
39021,IN,2020,1
33317,Jiangsu,2019,2
101,KS,2020,6
101,KS,2019,5
101,KS,2018,9
11154,KS,2019,1
11155,KS,2020,1
11155,KS,2018,5
16815,KS,2019,3
18552,KS,2020,5
20080,KS,2020,2
20080,KS,2019,4
20080,KS,2018,7
25928,KS,2018,1
25930,KS,2018,7
25933,KS,2018,7
26248,KS,2018,1
26526,KS,2018,4
26627,KS,2018,6
26642,KS,2018,6
28606,KS,2018,1
29446,KS,2018,1
29743,KS,2018,1
29764,KS,2018,1
30121,KS,2018,2
30215,KS,2018,1
30219,KS,2018,1
30230,KS,2020,16
30230,KS,2019,21
30230,KS,2018,4
30254,KS,2018,2
30668,KS,2018,1
31120,KS,2019,8
31489,KS,2019,1
33054,KS,2019,17
33178,KS,2019,1
33229,KS,2019,2
33375,KS,2019,2
33416,KS,2019,1
33457,KS,2019,6
33491,KS,2019,4
34070,KS,2019,1
34211,KS,2019,1
35882,KS,2019,19
35882,KS,2018,15
35883,KS,2019,19
35883,KS,2018,15
35922,KS,2019,18
35922,KS,2018,20
35923,KS,2019,18
35923,KS,2018,20
36928,KS,2020,1
37692,KS,2020,5
37768,KS,2020,2
37785,KS,2020,4
37799,KS,2020,2
37803,KS,2020,4
37932,KS,2020,4
1579,KY,2020,8
1579,KY,2019,10
1579,KY,2018,8
1580,KY,2020,8
1580,KY,2019,10
1580,KY,2018,8
5334,KY,2018,1
16682,KY,2020,11
16682,KY,2018,1
18867,KY,2018,17
19691,KY,2019,1
22589,KY,2020,2
22589,KY,2019,2
24563,KY,2018,1
25297,KY,2018,6
26287,KY,2018,1
27950,KY,2018,1
29032,KY,2018,1
29051,KY,2018,1
29057,KY,2018,1
29099,KY,2018,1
29123,KY,2018,1
29134,KY,2018,1
29145,KY,2018,1
29876,KY,2018,1
29987,KY,2018,1
30005,KY,2018,1
30065,KY,2018,1
30515,KY,2018,1
30587,KY,2018,1
33717,KY,2019,1
36473,KY,2020,22
36676,KY,2020,19
36680,KY,2020,3
36681,KY,2020,4
36686,KY,2020,6
36690,KY,2020,8
36693,KY,2020,10
36695,KY,2020,17
36699,KY,2020,10
36763,KY,2020,13
36777,KY,2020,5
37316,KY,2020,2
37624,KY,2020,10
37822,KY,2020,1
38597,KY,2020,1
38794,KY,2020,4
38800,KY,2020,7
22316,LA,2020,1
22467,LA,2019,3
25151,LA,2020,10
25151,LA,2019,13
25151,LA,2018,8
25168,LA,2020,10
25168,LA,2019,18
25168,LA,2018,3
25506,LA,2020,10
25506,LA,2019,13
25506,LA,2018,4
25901,LA,2020,3
25901,LA,2019,13
25901,LA,2018,11
27474,LA,2020,6
27474,LA,2019,6
27474,LA,2018,10
27475,LA,2020,4
27475,LA,2019,4
27475,LA,2018,7
27476,LA,2020,6
27476,LA,2019,7
27476,LA,2018,9
27477,LA,2020,3
27477,LA,2019,8
27477,LA,2018,16
28969,LA,2020,1
28969,LA,2018,4
28988,LA,2018,2
29593,LA,2018,1
30383,LA,2018,1
30648,LA,2020,11
30648,LA,2019,13
30648,LA,2018,1
32655,LA,2020,12
32655,LA,2019,12
32944,LA,2019,3
33401,LA,2020,21
34307,LA,2019,2
37410,LA,2020,9
37513,LA,2020,1
37514,LA,2020,2
37521,LA,2020,11
37522,LA,2020,1
37524,LA,2020,1
38557,LA,2020,4
38799,LA,2020,1
35884,Lajas,2019,13
35884,Lajas,2018,13
1327,MA,2020,13
1327,MA,2019,13
1327,MA,2018,12
2222,MA,2020,13
2222,MA,2019,15
2222,MA,2018,13
2461,MA,2019,10
2461,MA,2018,6
5260,MA,2020,33
5260,MA,2019,32
5260,MA,2018,26
5261,MA,2020,27
5261,MA,2019,15
5261,MA,2018,12
5262,MA,2020,22
5262,MA,2019,13
5262,MA,2018,13
6481,MA,2020,43
6481,MA,2019,28
6481,MA,2018,21
6581,MA,2020,11
6581,MA,2019,7
8593,MA,2020,1
8593,MA,2019,1
8593,MA,2018,1
8923,MA,2020,2
8923,MA,2019,1
8923,MA,2018,25
16433,MA,2018,1
18483,MA,2018,3
18940,MA,2019,1
18942,MA,2019,1
18942,MA,2018,13
18943,MA,2019,22
18943,MA,2018,14
18944,MA,2019,26
19650,MA,2020,9
19650,MA,2019,8
19650,MA,2018,11
19651,MA,2020,8
19651,MA,2019,8
19651,MA,2018,10
19652,MA,2020,7
19652,MA,2019,8
19652,MA,2018,10
19653,MA,2020,7
19653,MA,2019,8
19653,MA,2018,10
19654,MA,2020,6
19654,MA,2019,8
19654,MA,2018,11
20120,MA,2020,1
20120,MA,2019,53
20120,MA,2018,27
20206,MA,2020,52
20206,MA,2019,54
20206,MA,2018,50
20223,MA,2020,49
20223,MA,2019,29
20223,MA,2018,55
20229,MA,2020,41
20229,MA,2019,34
20229,MA,2018,49
20238,MA,2020,33
20238,MA,2019,29
20238,MA,2018,31
20240,MA,2020,56
20240,MA,2019,45
20240,MA,2018,45
20343,MA,2020,13
20343,MA,2019,33
20343,MA,2018,42
20638,MA,2020,13
20638,MA,2019,6
20638,MA,2018,5
20639,MA,2018,1
20641,MA,2020,25
20641,MA,2019,11
20641,MA,2018,16
20905,MA,2020,8
20905,MA,2019,8
20905,MA,2018,10
20906,MA,2020,7
20906,MA,2019,8
20906,MA,2018,10
20907,MA,2020,7
20907,MA,2019,8
20907,MA,2018,10
20963,MA,2020,1
21168,MA,2020,2
21168,MA,2019,1
21168,MA,2018,4
21169,MA,2020,12
21169,MA,2019,10
21169,MA,2018,6
21173,MA,2020,2
21173,MA,2018,1
21276,MA,2020,43
21276,MA,2019,60
21276,MA,2018,34
21407,MA,2019,1
21407,MA,2018,3
22557,MA,2018,2
22560,MA,2019,5
22560,MA,2018,2
22561,MA,2019,1
22561,MA,2018,6
22580,MA,2020,11
22580,MA,2019,16
22580,MA,2018,2
22584,MA,2020,56
22584,MA,2019,41
22584,MA,2018,79
22721,MA,2020,8
22721,MA,2018,3
22955,MA,2018,8
25025,MA,2020,3
25025,MA,2019,2
25025,MA,2018,1
25424,MA,2020,30
25424,MA,2019,2
25424,MA,2018,15
25915,MA,2020,3
25915,MA,2019,8
25915,MA,2018,9
26219,MA,2019,1
26219,MA,2018,3
27688,MA,2019,9
27688,MA,2018,9
28517,MA,2018,4
28853,MA,2020,28
28853,MA,2019,63
28853,MA,2018,63
28854,MA,2020,1
28854,MA,2019,9
28854,MA,2018,61
29319,MA,2018,11
29438,MA,2018,3
29445,MA,2018,1
29919,MA,2018,1
30073,MA,2018,3
30222,MA,2018,1
30701,MA,2020,64
30701,MA,2019,51
30725,MA,2020,16
30725,MA,2019,10
30835,MA,2020,14
30835,MA,2019,9
30978,MA,2019,3
30979,MA,2020,14
30979,MA,2019,9
31139,MA,2020,13
31139,MA,2019,10
31287,MA,2020,3
31289,MA,2020,13
31289,MA,2019,11
31649,MA,2019,3
31746,MA,2019,5
31747,MA,2019,6
31748,MA,2019,4
31767,MA,2019,4
31789,MA,2019,1
31790,MA,2019,3
31792,MA,2019,1
31793,MA,2019,1
31794,MA,2019,5
31795,MA,2019,5
31922,MA,2019,5
32416,MA,2020,11
32416,MA,2019,3
32417,MA,2020,13
32417,MA,2019,4
32813,MA,2020,2
32813,MA,2019,14
32907,MA,2020,2
32907,MA,2019,12
33066,MA,2019,1
33462,MA,2019,4
33574,MA,2019,1
33622,MA,2020,52
33622,MA,2019,42
33718,MA,2020,2
33718,MA,2019,1
33808,MA,2019,1
33914,MA,2019,2
33935,MA,2019,4
34002,MA,2019,1
34010,MA,2019,1
34013,MA,2020,6
34013,MA,2019,1
34026,MA,2019,1
34076,MA,2019,1
34851,MA,2020,7
35134,MA,2020,13
35721,MA,2020,5
35722,MA,2020,5
35875,MA,2019,17
35875,MA,2018,16
35876,MA,2019,17
36262,MA,2020,54
36339,MA,2020,1
36374,MA,2020,1
36417,MA,2020,4
37533,MA,2020,1
37571,MA,2020,2
37587,MA,2020,26
37762,MA,2020,1
37843,MA,2020,1
37952,MA,2020,3
37986,MA,2020,8
38000,MA,2020,11
38033,MA,2020,10
38063,MA,2020,44
38068,MA,2020,13
38147,MA,2020,9
38156,MA,2020,8
38162,MA,2020,3
38310,MA,2020,9
38323,MA,2020,1
38755,MA,2020,2
38956,MA,2020,17
38986,MA,2020,1
39008,MA,2020,2
39009,MA,2020,2
39013,MA,2020,1
39014,MA,2020,2
39024,MA,2020,2
39049,MA,2020,1
39061,MA,2020,2
39076,MA,2020,1
39114,MA,2020,1
418,MD,2020,11
418,MD,2019,24
418,MD,2018,34
1185,MD,2019,1
1255,MD,2020,14
1255,MD,2019,8
1255,MD,2018,13
8446,MD,2020,3
8446,MD,2019,2
9067,MD,2018,9
9986,MD,2019,1
9988,MD,2020,3
9988,MD,2019,11
9988,MD,2018,5
17798,MD,2018,2
19619,MD,2018,1
20095,MD,2020,1
20095,MD,2019,36
20095,MD,2018,15
20474,MD,2019,10
20474,MD,2018,14
20988,MD,2019,3
20988,MD,2018,9
20992,MD,2019,3
20992,MD,2018,8
21029,MD,2018,2
21218,MD,2018,1
22592,MD,2019,2
22688,MD,2019,3
22688,MD,2018,7
22859,MD,2019,5
22859,MD,2018,8
22862,MD,2019,5
22862,MD,2018,7
23016,MD,2020,2
23016,MD,2019,23
23016,MD,2018,3
24570,MD,2018,2
25316,MD,2019,4
25316,MD,2018,4
25536,MD,2018,2
25965,MD,2019,6
28643,MD,2018,8
28650,MD,2018,8
28751,MD,2018,7
28752,MD,2018,18
28786,MD,2018,7
28788,MD,2018,18
28790,MD,2018,15
28791,MD,2018,9
28793,MD,2018,25
28794,MD,2018,21
28796,MD,2018,17
28797,MD,2018,16
28915,MD,2018,22
28916,MD,2018,7
28917,MD,2018,7
28918,MD,2018,15
28919,MD,2018,7
28920,MD,2018,5
28921,MD,2018,5
28923,MD,2018,12
28924,MD,2018,31
28928,MD,2018,14
28932,MD,2018,8
28933,MD,2018,16
28934,MD,2018,18
28935,MD,2018,8
28950,MD,2018,8
28954,MD,2018,4
28984,MD,2018,7
29012,MD,2019,6
29012,MD,2018,5
29229,MD,2018,9
29398,MD,2020,5
29398,MD,2019,11
29402,MD,2019,7
29402,MD,2018,13
29918,MD,2018,1
30053,MD,2019,6
30053,MD,2018,5
30054,MD,2019,6
30054,MD,2018,5
30072,MD,2018,3
30080,MD,2019,6
30080,MD,2018,5
30081,MD,2019,6
30081,MD,2018,7
30082,MD,2018,1
30083,MD,2019,6
30083,MD,2018,7
30084,MD,2019,6
30084,MD,2018,7
30085,MD,2019,6
30085,MD,2018,7
30617,MD,2018,3
30623,MD,2018,1
32985,MD,2020,10
32985,MD,2019,12
33103,MD,2020,1
33103,MD,2019,1
33506,MD,2019,11
34085,MD,2019,1
34834,MD,2020,10
35906,MD,2019,20
35906,MD,2018,19
35907,MD,2019,20
36119,MD,2020,5
36436,MD,2020,6
36439,MD,2020,4
36540,MD,2020,16
36806,MD,2020,1
37094,MD,2020,5
37381,MD,2020,1
37394,MD,2020,1
37613,MD,2020,1
37638,MD,2020,1
37649,MD,2020,6
37675,MD,2020,12
37754,MD,2020,13
37754,MD,2019,1
37961,MD,2020,3
37970,MD,2020,15
37980,MD,2020,5
38047,MD,2020,1
38383,MD,2020,1
38440,MD,2020,1
38488,MD,2020,1
38489,MD,2020,2
2,ME,2020,24
2,ME,2019,18
2,ME,2018,16
5523,ME,2020,17
5523,ME,2019,29
5523,ME,2018,23
5536,ME,2018,1
5566,ME,2020,5
5572,ME,2020,7
5582,ME,2020,10
5582,ME,2019,7
5582,ME,2018,8
5583,ME,2020,10
5583,ME,2019,7
5583,ME,2018,8
5614,ME,2020,7
5663,ME,2018,6
5674,ME,2020,14
5674,ME,2019,13
5674,ME,2018,15
6242,ME,2020,1
6242,ME,2019,7
6242,ME,2018,10
6504,ME,2018,5
8538,ME,2018,1
8715,ME,2020,5
8715,ME,2019,6
8715,ME,2018,6
9993,ME,2020,1
9993,ME,2019,3
9993,ME,2018,5
10241,ME,2020,3
10241,ME,2019,7
10241,ME,2018,5
10462,ME,2018,1
10934,ME,2020,13
10934,ME,2019,10
10934,ME,2018,6
11032,ME,2019,1
11032,ME,2018,1
11308,ME,2020,4
11308,ME,2019,1
11308,ME,2018,3
17567,ME,2018,1
17590,ME,2019,1
17721,ME,2018,1
17794,ME,2020,3
17794,ME,2019,1
17794,ME,2018,4
18347,ME,2018,5
18654,ME,2018,1
20371,ME,2018,1
20787,ME,2020,13
20787,ME,2019,10
20787,ME,2018,6
20788,ME,2020,13
20788,ME,2019,10
20788,ME,2018,6
20789,ME,2020,14
20789,ME,2019,12
20789,ME,2018,6
20962,ME,2020,1
20962,ME,2018,1
21246,ME,2018,1
21247,ME,2018,5
21729,ME,2020,4
21729,ME,2019,5
21729,ME,2018,6
21748,ME,2018,1
22994,ME,2018,3
23490,ME,2019,2
23677,ME,2018,2
23690,ME,2019,2
23690,ME,2018,1
24146,ME,2019,1
24146,ME,2018,5
24260,ME,2018,5
24271,ME,2020,4
24271,ME,2019,11
24271,ME,2018,7
24275,ME,2020,4
24275,ME,2019,10
24275,ME,2018,8
24276,ME,2020,1
24276,ME,2019,5
24276,ME,2018,6
26066,ME,2019,7
26172,ME,2019,1
26369,ME,2018,1
26370,ME,2018,1
26608,ME,2020,14
26608,ME,2019,24
26608,ME,2018,23
26648,ME,2020,14
26717,ME,2018,1
26826,ME,2019,6
26826,ME,2018,4
27007,ME,2018,1
27026,ME,2020,9
27026,ME,2019,4
27026,ME,2018,8
27043,ME,2020,9
27043,ME,2019,8
27043,ME,2018,7
27221,ME,2020,4
27221,ME,2019,5
27222,ME,2020,2
27222,ME,2019,1
27385,ME,2018,17
27431,ME,2020,2
27431,ME,2019,4
27431,ME,2018,7
27432,ME,2019,3
27433,ME,2019,1
27433,ME,2018,2
29585,ME,2019,4
29585,ME,2018,8
29599,ME,2018,32
29667,ME,2019,7
29667,ME,2018,6
29875,ME,2018,1
29878,ME,2018,2
29882,ME,2018,9
29981,ME,2018,1
29982,ME,2018,6
29996,ME,2020,3
29996,ME,2019,3
29996,ME,2018,3
30001,ME,2020,6
30001,ME,2019,13
30001,ME,2018,24
30002,ME,2020,7
30002,ME,2019,13
30002,ME,2018,24
30003,ME,2020,7
30003,ME,2019,14
30003,ME,2018,24
30007,ME,2018,3
30009,ME,2018,26
30010,ME,2020,4
30010,ME,2019,3
30010,ME,2018,2
30115,ME,2018,2
30296,ME,2018,1
30298,ME,2018,1
30329,ME,2018,4
30330,ME,2018,4
30447,ME,2018,4
30450,ME,2018,4
30503,ME,2018,4
30504,ME,2018,4
30505,ME,2018,4
30506,ME,2018,4
30548,ME,2019,5
30548,ME,2018,5
30549,ME,2019,1
30549,ME,2018,5
30639,ME,2018,2
30640,ME,2018,1
30858,ME,2018,1
30859,ME,2018,1
30860,ME,2018,1
30861,ME,2018,1
30862,ME,2018,1
30863,ME,2018,1
30864,ME,2018,1
30865,ME,2018,1
30899,ME,2018,1
30938,ME,2019,5
30939,ME,2019,6
30960,ME,2020,8
30960,ME,2019,3
30993,ME,2019,2
31164,ME,2019,1
32185,ME,2020,22
32185,ME,2019,8
32186,ME,2020,13
32186,ME,2019,10
32187,ME,2020,20
32187,ME,2019,16
32220,ME,2019,1
32986,ME,2019,1
33116,ME,2019,2
33129,ME,2020,1
33129,ME,2019,4
33333,ME,2019,9
33334,ME,2019,9
33395,ME,2019,8
33458,ME,2019,5
33468,ME,2019,2
33474,ME,2019,3
33475,ME,2020,13
33475,ME,2019,20
33476,ME,2020,11
33476,ME,2019,16
33480,ME,2019,2
33494,ME,2020,17
33494,ME,2019,16
33497,ME,2019,1
33509,ME,2019,1
33510,ME,2019,7
33511,ME,2020,6
33511,ME,2019,9
33512,ME,2019,9
33514,ME,2019,9
33515,ME,2020,3
33515,ME,2019,2
33540,ME,2019,3
33543,ME,2019,1
33561,ME,2019,2
33569,ME,2020,29
33569,ME,2019,12
33695,ME,2020,1
33757,ME,2019,5
33758,ME,2019,1
33830,ME,2019,2
33867,ME,2020,14
33867,ME,2019,6
33896,ME,2019,5
33900,ME,2019,2
34039,ME,2020,8
34675,ME,2020,4
36294,ME,2020,6
37562,ME,2020,3
37614,ME,2020,1
37650,ME,2020,3
37695,ME,2020,14
37842,ME,2020,7
37842,ME,2019,2
38042,ME,2020,2
38081,ME,2020,4
38082,ME,2020,1
38118,ME,2020,7
38123,ME,2020,5
38134,ME,2020,4
38158,ME,2020,5
38305,ME,2020,1
38337,ME,2020,2
38457,ME,2020,8
38548,ME,2020,6
38560,ME,2020,1
38562,ME,2020,1
38614,ME,2020,3
38658,ME,2020,1
38681,ME,2020,4
38686,ME,2020,18
38687,ME,2020,13
38688,ME,2020,18
38689,ME,2020,9
38734,ME,2020,1
38841,ME,2020,3
38940,ME,2020,3
113,MI,2020,27
113,MI,2019,32
113,MI,2018,32
119,MI,2020,7
119,MI,2019,10
119,MI,2018,5
126,MI,2019,32
126,MI,2018,30
437,MI,2019,1
443,MI,2020,9
443,MI,2019,13
443,MI,2018,9
1447,MI,2020,3
1447,MI,2018,7
1461,MI,2020,12
1461,MI,2019,13
1461,MI,2018,13
5328,MI,2018,7
6579,MI,2019,2
6579,MI,2018,4
8440,MI,2020,12
8440,MI,2019,13
8440,MI,2018,13
10145,MI,2020,87
10145,MI,2019,72
10145,MI,2018,78
17555,MI,2018,4
22734,MI,2019,12
22734,MI,2018,10
22735,MI,2019,4
22735,MI,2018,1
22864,MI,2019,67
22864,MI,2018,77
24961,MI,2019,1
24961,MI,2018,7
25460,MI,2019,50
25460,MI,2018,64
25565,MI,2019,10
25565,MI,2018,10
28430,MI,2019,1
28430,MI,2018,3
28614,MI,2019,22
28614,MI,2018,25
28615,MI,2020,7
28615,MI,2019,36
28615,MI,2018,29
29388,MI,2020,7
29388,MI,2019,24
29388,MI,2018,16
29400,MI,2020,1
29400,MI,2019,18
29400,MI,2018,17
29572,MI,2019,6
29572,MI,2018,26
29718,MI,2018,1
29719,MI,2018,6
29844,MI,2018,1
30051,MI,2020,2
30051,MI,2019,5
30051,MI,2018,3
30126,MI,2018,2
30135,MI,2018,1
30150,MI,2018,1
30304,MI,2018,1
30325,MI,2018,1
30427,MI,2018,1
30519,MI,2018,1
30742,MI,2018,3
30956,MI,2019,2
33038,MI,2019,15
33041,MI,2019,26
33113,MI,2019,6
33760,MI,2019,2
33874,MI,2019,11
33937,MI,2019,1
33962,MI,2019,6
33966,MI,2019,2
35924,MI,2019,20
35924,MI,2018,15
35925,MI,2019,20
36891,MI,2020,2
36936,MI,2020,3
36961,MI,2020,2
37203,MI,2020,1
37323,MI,2020,5
37324,MI,2020,3
37325,MI,2020,4
37327,MI,2020,1
37328,MI,2020,1
37329,MI,2020,5
37330,MI,2020,4
37331,MI,2020,1
37334,MI,2020,3
37335,MI,2020,2
37339,MI,2020,2
37340,MI,2020,6
37341,MI,2020,9
37345,MI,2020,6
37353,MI,2020,9
37354,MI,2020,9
37356,MI,2020,1
37358,MI,2020,1
37554,MI,2020,1
37561,MI,2020,4
37566,MI,2020,12
37581,MI,2020,9
37644,MI,2020,1
37666,MI,2020,2
37672,MI,2020,1
37673,MI,2020,4
37678,MI,2020,4
37684,MI,2020,7
37685,MI,2020,1
37704,MI,2020,3
37707,MI,2020,5
37757,MI,2020,3
37771,MI,2020,1
37793,MI,2020,1
37795,MI,2020,5
37926,MI,2020,4
37964,MI,2020,3
37966,MI,2020,1
38003,MI,2020,5
38194,MI,2020,6
38322,MI,2020,1
38371,MI,2020,1
38424,MI,2020,5
38425,MI,2020,5
38521,MI,2020,1
38667,MI,2020,3
38991,MI,2020,1
36506,Milam,2020,18
38,MN,2020,9
38,MN,2019,4
38,MN,2018,8
132,MN,2020,61
132,MN,2019,61
132,MN,2018,39
1904,MN,2020,21
1904,MN,2019,19
1904,MN,2018,9
2393,MN,2020,10
2393,MN,2019,5
2393,MN,2018,8
2394,MN,2020,10
2394,MN,2019,5
2394,MN,2018,8
2395,MN,2018,8
5327,MN,2019,15
5327,MN,2018,6
5337,MN,2019,3
5509,MN,2020,9
5509,MN,2019,5
5509,MN,2018,8
5951,MN,2020,9
5951,MN,2019,5
5951,MN,2018,8
5952,MN,2020,9
5952,MN,2019,5
5952,MN,2018,8
8496,MN,2020,16
8496,MN,2019,9
8496,MN,2018,15
8736,MN,2020,24
8736,MN,2019,5
8736,MN,2018,15
9652,MN,2020,17
9652,MN,2019,21
9652,MN,2018,20
10373,MN,2018,1
10507,MN,2020,2
11313,MN,2020,8
11313,MN,2019,14
11313,MN,2018,12
11430,MN,2020,1
11430,MN,2019,6
11430,MN,2018,3
11526,MN,2020,3
11526,MN,2019,4
11605,MN,2020,11
11605,MN,2019,18
11605,MN,2018,18
11610,MN,2018,1
11617,MN,2020,12
11617,MN,2019,12
11617,MN,2018,8
12508,MN,2019,5
12508,MN,2018,7
12713,MN,2018,2
16356,MN,2019,23
16356,MN,2018,47
16696,MN,2018,1
17101,MN,2018,1
17103,MN,2018,3
17394,MN,2020,1
17394,MN,2018,1
17477,MN,2018,1
17680,MN,2019,5
17680,MN,2018,12
17768,MN,2020,12
17768,MN,2019,13
17768,MN,2018,12
18179,MN,2018,15
18237,MN,2019,2
18834,MN,2018,6
19462,MN,2019,8
19462,MN,2018,6
20243,MN,2019,11
20243,MN,2018,14
20245,MN,2018,4
21062,MN,2020,6
21062,MN,2018,4
21677,MN,2020,19
21677,MN,2019,3
21677,MN,2018,15
22006,MN,2019,2
22029,MN,2020,9
22055,MN,2019,2
22055,MN,2018,1
22624,MN,2018,8
22911,MN,2019,5
22911,MN,2018,6
23641,MN,2020,13
23641,MN,2019,11
23641,MN,2018,3
23676,MN,2019,8
23676,MN,2018,9
23706,MN,2019,5
24186,MN,2019,78
24186,MN,2018,83
24513,MN,2020,7
24513,MN,2019,11
24513,MN,2018,22
24514,MN,2020,24
24514,MN,2019,26
24514,MN,2018,21
24566,MN,2020,27
24566,MN,2019,26
24566,MN,2018,13
24645,MN,2019,2
24692,MN,2020,17
24692,MN,2019,23
24692,MN,2018,8
25032,MN,2020,1
25093,MN,2019,1
25093,MN,2018,4
25486,MN,2019,11
25486,MN,2018,10
25568,MN,2019,11
25568,MN,2018,10
25889,MN,2020,11
25889,MN,2019,14
25889,MN,2018,28
26000,MN,2019,5
26000,MN,2018,2
26037,MN,2020,1
26048,MN,2020,9
26048,MN,2019,6
26048,MN,2018,4
26201,MN,2020,21
26201,MN,2019,8
26201,MN,2018,1
26425,MN,2020,1
26425,MN,2018,1
26450,MN,2018,5
26601,MN,2020,20
26601,MN,2019,20
26601,MN,2018,4
26602,MN,2020,9
26602,MN,2019,7
26602,MN,2018,2
26626,MN,2019,3
26626,MN,2018,2
26678,MN,2018,2
27268,MN,2018,2
27269,MN,2018,1
27271,MN,2019,1
27282,MN,2019,1
27313,MN,2019,2
27313,MN,2018,2
27322,MN,2018,2
27458,MN,2019,5
27458,MN,2018,4
27469,MN,2018,1
27671,MN,2019,1
27676,MN,2018,4
27677,MN,2019,2
27724,MN,2018,4
28093,MN,2020,60
28093,MN,2019,53
28093,MN,2018,44
28108,MN,2018,3
28355,MN,2018,1
28388,MN,2018,2
28419,MN,2018,3
28479,MN,2018,6
28609,MN,2018,1
28898,MN,2019,6
28898,MN,2018,8
28927,MN,2019,1
28929,MN,2019,5
28929,MN,2018,8
28931,MN,2019,5
28931,MN,2018,8
29347,MN,2020,8
29347,MN,2019,3
29347,MN,2018,6
29413,MN,2018,41
29586,MN,2018,1
29655,MN,2018,5
29889,MN,2018,2
29897,MN,2018,10
29901,MN,2018,4
29904,MN,2018,1
29906,MN,2018,5
29907,MN,2018,3
29909,MN,2018,8
29912,MN,2018,5
29923,MN,2018,6
29925,MN,2018,5
29933,MN,2018,5
29934,MN,2018,8
29937,MN,2018,8
29938,MN,2018,6
29941,MN,2018,5
29947,MN,2018,4
29948,MN,2018,6
29963,MN,2018,3
29973,MN,2018,3
29978,MN,2018,5
29993,MN,2018,8
29994,MN,2018,5
30018,MN,2018,3
30027,MN,2018,6
30033,MN,2018,5
30040,MN,2018,1
30041,MN,2018,6
30043,MN,2018,8
30052,MN,2018,4
30061,MN,2018,6
30067,MN,2018,1
30070,MN,2018,3
30100,MN,2018,8
30103,MN,2018,7
30104,MN,2020,13
30104,MN,2019,4
30104,MN,2018,10
30106,MN,2018,2
30113,MN,2018,10
30242,MN,2018,8
30253,MN,2018,4
30273,MN,2018,1
30276,MN,2018,1
30277,MN,2018,5
30279,MN,2018,3
30280,MN,2018,3
30281,MN,2018,3
30282,MN,2018,4
30316,MN,2018,1
30317,MN,2018,4
30318,MN,2018,1
30319,MN,2018,2
30350,MN,2018,3
30351,MN,2018,2
30376,MN,2018,3
30413,MN,2018,5
30414,MN,2020,14
30414,MN,2019,12
30414,MN,2018,4
30437,MN,2020,9
30437,MN,2019,6
30437,MN,2018,8
30438,MN,2020,8
30438,MN,2018,13
30440,MN,2020,10
30440,MN,2019,6
30440,MN,2018,10
30475,MN,2018,7
30485,MN,2018,2
30514,MN,2018,3
30526,MN,2018,2
30527,MN,2018,2
30588,MN,2018,1
30604,MN,2018,1
30650,MN,2018,3
30684,MN,2018,1
31143,MN,2020,9
31143,MN,2019,16
31180,MN,2020,1
31180,MN,2019,3
31181,MN,2020,5
31181,MN,2019,3
31881,MN,2019,13
31923,MN,2020,3
31923,MN,2019,5
32040,MN,2020,19
32040,MN,2019,6
32172,MN,2020,10
32172,MN,2019,11
32582,MN,2019,3
33047,MN,2020,2
33130,MN,2019,1
33339,MN,2019,8
33435,MN,2020,13
33435,MN,2019,9
33436,MN,2020,12
33436,MN,2019,7
33477,MN,2019,3
33516,MN,2019,9
33550,MN,2019,4
33553,MN,2019,3
33554,MN,2019,6
33563,MN,2019,10
33567,MN,2019,1
33568,MN,2020,1
33579,MN,2020,6
33579,MN,2019,5
33843,MN,2019,2
33940,MN,2019,1
33946,MN,2019,2
33980,MN,2019,1
34281,MN,2020,6
34753,MN,2019,1
35319,MN,2020,2
36978,MN,2020,1
37005,MN,2020,4
37631,MN,2020,17
37730,MN,2020,11
37732,MN,2020,1
37816,MN,2020,19
37834,MN,2020,1
37897,MN,2020,1
37982,MN,2020,5
37983,MN,2020,1
38034,MN,2020,16
38056,MN,2020,2
38105,MN,2020,6
38303,MN,2020,1
38683,MN,2020,2
38698,MN,2020,1
38703,MN,2020,1
38760,MN,2020,2
38792,MN,2020,4
38795,MN,2020,2
38983,MN,2020,3
39000,MN,2020,5
39078,MN,2020,1
141,MO,2019,1
141,MO,2018,5
144,MO,2020,10
144,MO,2019,29
144,MO,2018,32
459,MO,2020,2
459,MO,2019,2
459,MO,2018,6
463,MO,2019,4
463,MO,2018,3
464,MO,2020,5
464,MO,2019,3
464,MO,2018,5
1900,MO,2020,33
1900,MO,2019,18
1900,MO,2018,24
6161,MO,2020,1
10358,MO,2020,7
10358,MO,2018,2
17591,MO,2020,33
17591,MO,2019,19
17591,MO,2018,24
17677,MO,2020,33
17677,MO,2019,18
17677,MO,2018,26
18149,MO,2018,6
20249,MO,2018,6
24601,MO,2018,1
26673,MO,2018,2
26929,MO,2018,3
28073,MO,2018,19
28664,MO,2018,16
28943,MO,2019,1
28943,MO,2018,8
29815,MO,2018,2
30403,MO,2018,1
30601,MO,2018,1
30717,MO,2020,3
33537,MO,2019,1
36904,MO,2020,1
38101,MO,2020,2
25174,MS,2018,7
26079,MS,2020,4
26079,MS,2019,8
26079,MS,2018,13
27985,MS,2019,1
28353,MS,2020,3
28353,MS,2019,8
28353,MS,2018,6
28354,MS,2020,3
28354,MS,2019,8
28354,MS,2018,7
28357,MS,2020,4
28357,MS,2019,8
28357,MS,2018,6
28590,MS,2020,8
28590,MS,2019,12
28590,MS,2018,8
28737,MS,2018,9
28745,MS,2020,3
28745,MS,2019,2
28745,MS,2018,7
28830,MS,2020,3
28830,MS,2019,2
28830,MS,2018,12
29246,MS,2018,1
29265,MS,2019,3
29265,MS,2018,1
30971,MS,2020,1
30971,MS,2019,3
32959,MS,2019,8
33862,MS,2020,3
33862,MS,2019,3
34119,MS,2019,1
36407,MS,2020,1
36660,MS,2020,3
17445,MT,2020,3
17445,MT,2019,17
17445,MT,2018,14
17495,MT,2020,4
17495,MT,2019,17
17495,MT,2018,25
30028,MT,2018,2
31092,MT,2020,2
33168,MT,2019,6
33173,MT,2019,1
33636,MT,2019,6
34016,MT,2019,4
34043,MT,2019,3
34045,MT,2019,1
34079,MT,2019,5
34080,MT,2019,5
34086,MT,2019,3
34117,MT,2019,1
34159,MT,2019,1
34180,MT,2019,2
34275,MT,2019,1
34382,MT,2019,3
37668,MT,2020,1
37693,MT,2020,1
37837,MT,2020,6
965,NC,2018,5
2792,NC,2020,5
2792,NC,2019,7
2792,NC,2018,7
5431,NC,2020,2
6231,NC,2020,1
8180,NC,2020,9
8180,NC,2019,9
8180,NC,2018,13
8181,NC,2020,9
8181,NC,2019,9
8181,NC,2018,13
8182,NC,2020,11
8182,NC,2019,7
8182,NC,2018,13
8492,NC,2020,2
8492,NC,2019,9
8492,NC,2018,9
8899,NC,2020,3
8899,NC,2019,5
8899,NC,2018,5
8902,NC,2020,10
8902,NC,2019,3
8902,NC,2018,17
8903,NC,2020,2
8903,NC,2019,2
8903,NC,2018,19
8904,NC,2020,10
8904,NC,2019,2
8904,NC,2018,14
8998,NC,2020,2
8998,NC,2018,2
9240,NC,2020,1
11782,NC,2018,2
11837,NC,2019,6
11895,NC,2019,1
11895,NC,2018,6
11896,NC,2020,1
11896,NC,2018,8
11897,NC,2020,2
11897,NC,2018,8
11899,NC,2019,2
11899,NC,2018,8
12776,NC,2019,1
16723,NC,2020,1
16723,NC,2019,3
16723,NC,2018,4
18919,NC,2018,4
19260,NC,2019,6
19260,NC,2018,15
19380,NC,2019,10
19380,NC,2018,23
19642,NC,2020,2
22017,NC,2020,8
22017,NC,2019,30
22017,NC,2018,17
22256,NC,2019,1
22936,NC,2018,1
23828,NC,2020,3
23828,NC,2019,12
23828,NC,2018,14
24028,NC,2020,1
24412,NC,2020,20
24412,NC,2019,3
24412,NC,2018,8
24473,NC,2019,8
24473,NC,2018,9
24529,NC,2018,4
24906,NC,2020,1
24906,NC,2019,3
24906,NC,2018,4
25451,NC,2018,2
25452,NC,2018,1
25886,NC,2020,3
25886,NC,2019,17
25886,NC,2018,21
27255,NC,2019,4
27255,NC,2018,11
27935,NC,2018,1
28398,NC,2019,2
28398,NC,2018,3
28399,NC,2018,5
28513,NC,2020,1
28513,NC,2019,10
28513,NC,2018,5
28530,NC,2020,6
28530,NC,2019,4
28530,NC,2018,5
28839,NC,2019,2
29354,NC,2019,4
29447,NC,2018,1
29835,NC,2018,21
29893,NC,2018,1
30055,NC,2018,1
30177,NC,2018,5
30387,NC,2018,1
30560,NC,2018,2
30624,NC,2018,1
30635,NC,2018,2
30647,NC,2018,2
30655,NC,2018,5
30656,NC,2018,3
30660,NC,2018,2
30928,NC,2019,4
31041,NC,2020,11
31070,NC,2020,6
31356,NC,2020,7
31356,NC,2019,8
31356,NC,2018,3
31362,NC,2020,11
31362,NC,2019,7
31410,NC,2020,2
31410,NC,2019,11
32033,NC,2019,2
32634,NC,2019,20
32635,NC,2019,22
32779,NC,2019,11
33022,NC,2019,11
33053,NC,2019,1
33164,NC,2019,2
33364,NC,2019,1
33367,NC,2019,2
33368,NC,2019,1
33369,NC,2019,2
33370,NC,2019,2
33371,NC,2019,1
33372,NC,2019,1
33374,NC,2019,2
33377,NC,2019,1
33422,NC,2019,1
33527,NC,2019,7
34004,NC,2019,1
34171,NC,2019,2
34199,NC,2019,1
34233,NC,2019,3
34235,NC,2019,3
34236,NC,2019,3
34239,NC,2019,1
34317,NC,2019,1
35429,NC,2020,1
35638,NC,2020,14
35691,NC,2020,3
35792,NC,2020,2
35952,NC,2020,10
35952,NC,2019,1
36031,NC,2020,1
36380,NC,2020,20
36828,NC,2020,2
37658,NC,2020,7
37680,NC,2020,9
37696,NC,2020,6
37796,NC,2020,1
37824,NC,2020,2
37850,NC,2020,1
37870,NC,2020,1
37870,NC,2019,1
37931,NC,2020,1
37991,NC,2020,1
38017,NC,2020,1
38144,NC,2020,1
38163,NC,2020,1
38178,NC,2020,1
38309,NC,2020,1
38364,NC,2020,1
38377,NC,2020,6
38385,NC,2020,1
38399,NC,2020,1
38426,NC,2020,1
38492,NC,2020,1
38615,NC,2020,1
38621,NC,2020,1
38637,NC,2020,1
38640,NC,2020,1
38709,NC,2020,1
38765,NC,2020,1
38833,NC,2020,1
38957,NC,2020,1
39090,NC,2020,1
39103,NC,2020,1
39105,NC,2020,3
19460,ND,2018,1
33445,ND,2020,1
35892,ND,2019,26
35892,ND,2018,21
35893,ND,2019,26
35893,ND,2018,21
35926,ND,2019,17
35926,ND,2018,13
5792,NE,2018,5
33008,NE,2019,1
33402,NE,2019,1
33501,NE,2019,5
33838,NE,2020,1
33838,NE,2019,3
37659,NE,2020,2
38573,NE,2020,1
1976,NH,2018,3
1977,NH,2019,10
1977,NH,2018,10
9175,NH,2020,1
9175,NH,2019,11
9175,NH,2018,13
11597,NH,2019,3
11597,NH,2018,3
11598,NH,2020,4
11598,NH,2019,5
11598,NH,2018,4
11624,NH,2018,1
11742,NH,2020,8
11742,NH,2019,13
11742,NH,2018,12
12226,NH,2019,4
16190,NH,2019,1
16190,NH,2018,1
16191,NH,2019,1
16191,NH,2018,1
16192,NH,2019,1
16192,NH,2018,1
16196,NH,2019,1
16199,NH,2019,1
16201,NH,2019,1
16202,NH,2019,1
16205,NH,2019,1
16207,NH,2019,1
16208,NH,2020,5
16208,NH,2019,12
16208,NH,2018,13
16209,NH,2020,5
16209,NH,2019,12
16209,NH,2018,13
16210,NH,2020,5
16210,NH,2019,12
16210,NH,2018,13
16211,NH,2020,5
16211,NH,2019,12
16211,NH,2018,13
16212,NH,2020,3
16212,NH,2019,11
16212,NH,2018,14
16213,NH,2020,2
16213,NH,2019,11
16213,NH,2018,13
16214,NH,2020,2
16214,NH,2019,11
16214,NH,2018,13
16219,NH,2019,1
16219,NH,2018,1
16220,NH,2019,1
16220,NH,2018,1
16221,NH,2019,1
16221,NH,2018,1
16222,NH,2019,1
16222,NH,2018,1
16223,NH,2019,1
16223,NH,2018,1
16224,NH,2019,1
16225,NH,2019,1
16226,NH,2019,1
16227,NH,2019,1
16228,NH,2019,1
16229,NH,2019,1
16230,NH,2019,1
16232,NH,2019,1
16233,NH,2019,1
16234,NH,2019,1
16235,NH,2020,1
16235,NH,2019,12
16235,NH,2018,13
16236,NH,2019,12
16236,NH,2018,13
16237,NH,2019,12
16237,NH,2018,13
16238,NH,2020,1
16238,NH,2019,12
16238,NH,2018,13
16239,NH,2020,2
16239,NH,2019,11
16239,NH,2018,13
16240,NH,2020,1
16240,NH,2019,11
16240,NH,2018,13
16241,NH,2019,11
16241,NH,2018,13
16242,NH,2019,1
16242,NH,2018,1
16243,NH,2019,1
16243,NH,2018,1
16245,NH,2019,1
16245,NH,2018,1
16246,NH,2019,1
16246,NH,2018,1
17753,NH,2020,5
17753,NH,2019,12
17753,NH,2018,13
17754,NH,2020,5
17754,NH,2019,12
17754,NH,2018,13
17755,NH,2020,5
17755,NH,2019,12
17755,NH,2018,13
17756,NH,2020,5
17756,NH,2019,12
17756,NH,2018,13
17757,NH,2020,5
17757,NH,2019,12
17757,NH,2018,13
17758,NH,2020,1
17758,NH,2019,11
17758,NH,2018,13
17767,NH,2020,2
17767,NH,2019,10
17767,NH,2018,11
17769,NH,2020,3
17769,NH,2019,10
17769,NH,2018,11
18356,NH,2019,1
20953,NH,2018,3
23532,NH,2020,1
23532,NH,2019,12
23532,NH,2018,13
23533,NH,2020,1
23533,NH,2019,11
23533,NH,2018,13
27704,NH,2018,3
27705,NH,2018,1
30422,NH,2019,1
30422,NH,2018,11
30589,NH,2019,9
30766,NH,2018,2
30792,NH,2018,5
30793,NH,2018,5
30794,NH,2018,5
31095,NH,2019,1
33749,NH,2019,1
34003,NH,2019,7
34029,NH,2020,30
34029,NH,2019,21
34035,NH,2020,28
34035,NH,2019,22
34036,NH,2020,29
34036,NH,2019,21
34210,NH,2019,1
34291,NH,2019,1
35855,NH,2019,13
35855,NH,2018,11
35856,NH,2019,13
37317,NH,2020,1
37591,NH,2020,8
37592,NH,2020,1
37900,NH,2020,1
37963,NH,2020,1
38066,NH,2020,37
38067,NH,2020,12
38069,NH,2020,16
38070,NH,2020,18
38071,NH,2020,2
38072,NH,2020,16
38073,NH,2020,18
38088,NH,2020,19
38138,NH,2020,11
38145,NH,2020,16
38149,NH,2020,21
38153,NH,2020,5
38306,NH,2020,5
38334,NH,2020,6
38446,NH,2020,1
38463,NH,2020,2
38472,NH,2020,7
38581,NH,2020,25
38746,NH,2020,1
38751,NH,2020,1
38815,NH,2020,11
39042,NH,2020,2
1007,NJ,2018,5
27719,NJ,2018,4
27720,NJ,2018,2
27819,NJ,2018,5
27820,NJ,2018,5
30294,NJ,2018,3
30295,NJ,2018,3
30297,NJ,2018,3
30300,NJ,2018,3
30334,NJ,2018,3
30335,NJ,2018,3
30336,NJ,2018,2
31350,NJ,2019,2
31660,NJ,2019,1
33764,NJ,2019,1
33909,NJ,2019,1
33925,NJ,2019,1
36102,NJ,2020,3
36747,NJ,2020,10
37667,NJ,2020,14
37700,NJ,2020,12
37787,NJ,2020,1
37882,NJ,2020,2
37915,NJ,2020,1
37918,NJ,2020,21
37923,NJ,2020,1
37969,NJ,2020,1
38179,NJ,2020,3
38365,NJ,2020,5
38712,NJ,2020,1
9024,NM,2020,8
9024,NM,2019,6
9024,NM,2018,10
11886,NM,2019,1
11886,NM,2018,2
14881,NM,2020,2
14881,NM,2019,11
14881,NM,2018,13
16282,NM,2020,2
16282,NM,2019,11
16282,NM,2018,13
16776,NM,2020,2
16776,NM,2019,13
16776,NM,2018,14
16785,NM,2020,2
16785,NM,2019,13
16785,NM,2018,13
16786,NM,2020,2
16786,NM,2019,13
16786,NM,2018,13
17404,NM,2020,2
17404,NM,2019,13
17404,NM,2018,13
17497,NM,2020,1
17497,NM,2019,1
17497,NM,2018,1
18282,NM,2020,1
19215,NM,2020,2
19215,NM,2019,11
19215,NM,2018,14
19216,NM,2020,2
19216,NM,2019,11
19216,NM,2018,14
21041,NM,2020,3
21041,NM,2019,1
21041,NM,2018,10
21248,NM,2020,15
21248,NM,2019,17
21248,NM,2018,14
21876,NM,2020,9
21876,NM,2019,14
21876,NM,2018,18
22009,NM,2020,8
22009,NM,2019,10
22009,NM,2018,15
23013,NM,2020,11
23013,NM,2019,12
23013,NM,2018,12
23223,NM,2019,9
23223,NM,2018,11
23738,NM,2020,1
23738,NM,2019,8
23738,NM,2018,8
23744,NM,2020,9
23744,NM,2019,15
23744,NM,2018,13
25055,NM,2018,4
26330,NM,2019,1
26330,NM,2018,6
27103,NM,2018,4
27104,NM,2018,4
27644,NM,2018,4
28665,NM,2018,8
28813,NM,2018,13
28894,NM,2018,4
29539,NM,2018,1
29944,NM,2018,1
29986,NM,2018,2
30268,NM,2018,1
30583,NM,2018,2
30585,NM,2020,9
30585,NM,2019,6
30585,NM,2018,2
30586,NM,2020,10
30586,NM,2019,6
31715,NM,2019,5
31806,NM,2020,3
31806,NM,2019,9
31807,NM,2019,9
32198,NM,2019,1
32438,NM,2019,2
32998,NM,2019,1
33581,NM,2019,2
33860,NM,2020,8
33860,NM,2019,6
34741,NM,2020,9
35879,NM,2019,13
35879,NM,2018,13
35880,NM,2019,13
35880,NM,2018,13
36377,NM,2020,9
37560,NM,2020,10
37654,NM,2020,1
37841,NM,2020,1
38769,NM,2020,2
38776,NM,2020,2
38778,NM,2020,2
38780,NM,2020,8
38783,NM,2020,3
38784,NM,2020,2
38787,NM,2020,2
38933,NM,2020,1
19957,NV,2019,11
19957,NV,2018,9
20353,NV,2018,1
36553,NV,2020,1
178,NY,2020,19
178,NY,2019,18
178,NY,2018,37
1444,NY,2020,13
1444,NY,2019,14
1444,NY,2018,8
1605,NY,2020,2
1605,NY,2019,1
1605,NY,2018,1
1624,NY,2020,15
1624,NY,2019,15
1624,NY,2018,15
1625,NY,2020,15
1625,NY,2019,15
1625,NY,2018,15
1668,NY,2020,2
1668,NY,2019,24
1668,NY,2018,24
1915,NY,2020,9
1915,NY,2019,8
1915,NY,2018,7
2119,NY,2020,6
2119,NY,2019,34
2119,NY,2018,25
2120,NY,2020,3
2120,NY,2019,26
2120,NY,2018,30
4845,NY,2018,1
6362,NY,2019,11
6362,NY,2018,7
8460,NY,2020,1
8460,NY,2019,10
8460,NY,2018,6
10383,NY,2019,2
10383,NY,2018,2
10665,NY,2020,9
10665,NY,2019,7
10665,NY,2018,7
12249,NY,2020,12
12249,NY,2019,7
12249,NY,2018,7
16257,NY,2020,5
16257,NY,2019,14
16257,NY,2018,11
16454,NY,2020,9
16454,NY,2019,27
16454,NY,2018,22
16876,NY,2020,8
16876,NY,2019,33
16876,NY,2018,52
16985,NY,2019,9
16985,NY,2018,12
17166,NY,2018,1
17311,NY,2020,7
17311,NY,2019,34
17311,NY,2018,30
17414,NY,2020,27
17414,NY,2019,24
17414,NY,2018,20
17473,NY,2018,1
17562,NY,2020,25
17562,NY,2019,36
17562,NY,2018,22
17574,NY,2020,1
17574,NY,2019,8
17574,NY,2018,11
17640,NY,2018,15
17731,NY,2019,3
17839,NY,2018,2
17880,NY,2018,1
18132,NY,2020,24
18132,NY,2019,4
18132,NY,2018,11
18151,NY,2019,12
18524,NY,2020,3
18524,NY,2019,4
18524,NY,2018,1
18525,NY,2020,2
18525,NY,2019,23
18525,NY,2018,25
18526,NY,2018,2
18534,NY,2018,6
18535,NY,2020,2
18535,NY,2019,26
18535,NY,2018,21
18536,NY,2020,1
18536,NY,2019,12
18536,NY,2018,15
18537,NY,2020,5
18537,NY,2019,22
18537,NY,2018,24
18548,NY,2018,1
18549,NY,2018,1
19521,NY,2019,2
19585,NY,2019,9
19585,NY,2018,2
19586,NY,2019,9
19586,NY,2018,7
19950,NY,2020,2
19950,NY,2019,24
19950,NY,2018,20
20250,NY,2020,3
20250,NY,2019,6
20250,NY,2018,2
20351,NY,2020,4
20351,NY,2019,3
20351,NY,2018,11
20702,NY,2018,3
21092,NY,2020,8
21092,NY,2019,7
21092,NY,2018,6
21282,NY,2019,3
21282,NY,2018,16
21369,NY,2018,2
22221,NY,2020,12
22221,NY,2019,12
22221,NY,2018,16
22926,NY,2020,1
22926,NY,2019,2
23017,NY,2018,6
23417,NY,2019,7
23417,NY,2018,16
23753,NY,2020,15
23753,NY,2019,19
23753,NY,2018,33
23804,NY,2018,2
23805,NY,2018,2
23813,NY,2020,15
23813,NY,2019,18
23813,NY,2018,18
23815,NY,2020,33
23815,NY,2019,20
23815,NY,2018,25
23818,NY,2019,2
23818,NY,2018,8
23819,NY,2020,3
23819,NY,2019,2
23819,NY,2018,5
23820,NY,2020,1
23820,NY,2019,2
23820,NY,2018,2
24164,NY,2019,11
24164,NY,2018,4
24717,NY,2018,53
25220,NY,2018,1
25871,NY,2019,6
25871,NY,2018,25
25884,NY,2020,7
25884,NY,2019,4
25884,NY,2018,4
26609,NY,2018,12
26666,NY,2018,1
26843,NY,2020,1
26843,NY,2019,5
26843,NY,2018,3
26863,NY,2020,11
26863,NY,2019,39
26863,NY,2018,29
27467,NY,2019,1
27467,NY,2018,14
27645,NY,2020,20
27645,NY,2019,15
27645,NY,2018,18
28432,NY,2018,1
28483,NY,2019,16
28483,NY,2018,9
28521,NY,2018,1
29178,NY,2018,1
29256,NY,2018,5
29328,NY,2018,1
29331,NY,2018,8
29404,NY,2018,1
29813,NY,2018,4
29840,NY,2018,4
29841,NY,2018,4
30015,NY,2018,10
30031,NY,2018,1
30068,NY,2018,4
30088,NY,2018,2
30090,NY,2018,3
30152,NY,2018,1
30153,NY,2018,2
30154,NY,2018,2
30169,NY,2018,1
30170,NY,2018,2
30178,NY,2019,4
30178,NY,2018,7
30197,NY,2018,4
30198,NY,2018,1
30270,NY,2019,17
30270,NY,2018,12
30494,NY,2018,1
30500,NY,2018,1
30512,NY,2018,1
30518,NY,2020,18
30518,NY,2019,13
30518,NY,2018,10
30531,NY,2018,1
30559,NY,2020,2
30559,NY,2019,11
30559,NY,2018,12
30692,NY,2018,2
31109,NY,2019,20
31307,NY,2020,2
31307,NY,2019,7
31710,NY,2020,16
31710,NY,2019,13
32073,NY,2019,1
32201,NY,2019,8
32418,NY,2019,4
32560,NY,2019,4
32789,NY,2020,21
32789,NY,2019,20
32864,NY,2018,11
32886,NY,2020,1
32886,NY,2019,17
32922,NY,2019,2
33105,NY,2019,5
33118,NY,2019,11
33193,NY,2019,10
33239,NY,2019,1
33269,NY,2019,9
33292,NY,2019,14
33293,NY,2019,11
33463,NY,2019,1
33575,NY,2020,53
33575,NY,2019,23
33651,NY,2019,1
33655,NY,2020,6
33655,NY,2019,5
33754,NY,2019,2
33814,NY,2019,2
33859,NY,2019,5
33923,NY,2019,3
33939,NY,2020,1
33959,NY,2020,5
33969,NY,2020,1
33969,NY,2019,4
33999,NY,2019,2
34052,NY,2020,5
34052,NY,2019,4
34196,NY,2020,3
34196,NY,2019,1
34270,NY,2020,35
34293,NY,2019,1
34340,NY,2019,1
35198,NY,2020,2
35199,NY,2020,4
36383,NY,2020,1
36576,NY,2020,3
36955,NY,2020,1
37151,NY,2020,1
37380,NY,2020,1
37527,NY,2020,2
37545,NY,2020,4
37573,NY,2020,1
37596,NY,2020,9
37618,NY,2020,2
37724,NY,2020,14
37725,NY,2020,7
37728,NY,2020,2
37729,NY,2020,2
37739,NY,2020,19
37781,NY,2020,1
37855,NY,2020,22
37857,NY,2020,10
37859,NY,2020,22
37861,NY,2020,6
37865,NY,2020,19
37878,NY,2020,1
37911,NY,2020,1
37919,NY,2020,6
37939,NY,2020,3
37971,NY,2020,19
37976,NY,2020,1
37990,NY,2020,2
38132,NY,2020,14
38346,NY,2020,1
38372,NY,2020,1
38382,NY,2020,2
38391,NY,2020,25
38398,NY,2020,2
38404,NY,2020,9
38473,NY,2020,1
38567,NY,2020,2
38569,NY,2020,1
38578,NY,2020,1
38813,NY,2020,2
38823,NY,2020,3
39071,NY,2020,1
39116,NY,2020,1
549,OH,2019,4
1978,OH,2018,14
2623,OH,2020,20
2623,OH,2019,21
10585,OH,2020,10
10585,OH,2019,11
10585,OH,2018,12
10832,OH,2020,3
10835,OH,2020,1
10983,OH,2020,1
16267,OH,2020,4
17442,OH,2020,20
17442,OH,2019,21
22681,OH,2019,9
22681,OH,2018,9
28469,OH,2018,1
28574,OH,2020,3
28574,OH,2019,3
28574,OH,2018,14
29353,OH,2018,10
29509,OH,2018,1
30038,OH,2020,2
30038,OH,2019,8
30038,OH,2018,9
30114,OH,2018,4
30344,OH,2018,1
30352,OH,2018,5
30353,OH,2018,1
30409,OH,2018,4
30534,OH,2019,9
30534,OH,2018,4
30550,OH,2019,4
30550,OH,2018,4
30652,OH,2020,9
30652,OH,2019,8
30652,OH,2018,10
30653,OH,2020,6
30653,OH,2019,8
30653,OH,2018,9
30654,OH,2019,17
30654,OH,2018,5
32653,OH,2019,1
32749,OH,2019,1
32791,OH,2019,14
32821,OH,2019,9
32833,OH,2019,40
32833,OH,2018,1
32835,OH,2019,11
32865,OH,2019,4
32893,OH,2020,16
32893,OH,2019,10
32929,OH,2019,4
32933,OH,2019,12
32936,OH,2019,2
32937,OH,2019,1
33217,OH,2019,17
33222,OH,2019,9
33259,OH,2019,9
33261,OH,2019,3
33413,OH,2020,1
33413,OH,2019,4
33486,OH,2019,13
33513,OH,2019,1
33544,OH,2019,4
33599,OH,2019,8
33600,OH,2020,14
33600,OH,2019,9
33863,OH,2019,1
34758,OH,2019,1
34771,OH,2020,6
34777,OH,2020,5
35268,OH,2020,1
35743,OH,2020,23
35787,OH,2020,2
36752,OH,2020,3
37518,OH,2020,2
37606,OH,2020,1
37743,OH,2020,1
37947,OH,2020,2
37967,OH,2020,3
38204,OH,2020,1
38330,OH,2020,1
38410,OH,2020,1
38559,OH,2020,2
38599,OH,2020,6
38679,OH,2020,1
38680,OH,2020,1
38788,OH,2020,1
9858,OK,2019,1
30024,OK,2018,2
30436,OK,2018,3
30627,OK,2018,1
31151,OK,2019,24
32296,OK,2020,1
33903,OK,2019,1
34012,OK,2019,2
34067,OK,2019,1
34305,OK,2019,2
35069,OK,2020,25
35894,OK,2019,13
35894,OK,2018,13
35895,OK,2019,13
35895,OK,2018,12
38820,OK,2020,1
18554,ON,2019,16
18554,ON,2018,18
30101,ON,2018,1
36896,ON,2020,19
38032,ON,2020,15
38654,ON,2020,17
19,OR,2018,4
1338,OR,2020,1
1338,OR,2019,4
1338,OR,2018,2
5533,OR,2019,3
5533,OR,2018,7
5744,OR,2019,3
5744,OR,2018,8
5745,OR,2020,8
5745,OR,2019,5
5745,OR,2018,10
9591,OR,2018,1
9638,OR,2018,4
9973,OR,2020,18
9973,OR,2019,10
9973,OR,2018,6
10849,OR,2019,1
10849,OR,2018,1
10851,OR,2019,2
10851,OR,2018,1
16844,OR,2018,5
19191,OR,2019,11
19191,OR,2018,9
19236,OR,2018,5
19452,OR,2020,2
19452,OR,2019,11
19452,OR,2018,7
19803,OR,2019,2
19803,OR,2018,2
19918,OR,2020,4
19918,OR,2019,3
19918,OR,2018,2
20006,OR,2020,4
20006,OR,2019,3
20006,OR,2018,3
20007,OR,2020,4
20007,OR,2019,3
20007,OR,2018,2
20100,OR,2020,1
20100,OR,2018,3
20103,OR,2018,9
20200,OR,2018,3
20217,OR,2020,4
20217,OR,2019,3
20217,OR,2018,2
20329,OR,2020,1
20329,OR,2019,1
20329,OR,2018,2
21711,OR,2020,9
21711,OR,2019,5
21711,OR,2018,7
21802,OR,2019,4
21802,OR,2018,4
22483,OR,2018,2
22608,OR,2020,1
22608,OR,2019,10
22608,OR,2018,8
23451,OR,2019,1
23457,OR,2019,1
26021,OR,2019,3
26021,OR,2018,10
26118,OR,2020,6
26118,OR,2018,7
26141,OR,2020,5
26141,OR,2018,7
26223,OR,2020,5
26223,OR,2018,1
26438,OR,2020,2
26438,OR,2019,4
26438,OR,2018,3
26537,OR,2018,6
26849,OR,2020,11
26849,OR,2019,6
26849,OR,2018,9
26976,OR,2020,2
26976,OR,2018,2
27150,OR,2020,14
27150,OR,2019,15
27150,OR,2018,18
27550,OR,2020,5
28196,OR,2020,83
28196,OR,2019,48
28196,OR,2018,42
28281,OR,2018,1
28305,OR,2019,1
28305,OR,2018,8
28331,OR,2018,13
28446,OR,2020,8
28446,OR,2019,8
28446,OR,2018,6
28451,OR,2019,8
28451,OR,2018,15
28452,OR,2018,4
28454,OR,2018,3
28458,OR,2020,11
28458,OR,2019,13
28458,OR,2018,14
28505,OR,2018,1
28528,OR,2019,2
28528,OR,2018,6
28544,OR,2018,7
28703,OR,2020,3
28716,OR,2018,4
28783,OR,2018,2
28799,OR,2018,3
28800,OR,2018,5
28801,OR,2018,4
28802,OR,2018,2
28803,OR,2018,4
28804,OR,2018,4
28805,OR,2018,5
28910,OR,2020,6
28910,OR,2018,7
29322,OR,2018,1
29409,OR,2020,13
29409,OR,2019,10
29409,OR,2018,6
29563,OR,2020,3
29563,OR,2019,6
29563,OR,2018,8
29564,OR,2018,1
29854,OR,2020,1
29854,OR,2018,9
29859,OR,2018,3
30042,OR,2018,1
30133,OR,2018,2
30134,OR,2018,1
30149,OR,2018,5
30172,OR,2018,6
30233,OR,2018,1
30237,OR,2018,3
30241,OR,2018,4
30315,OR,2018,5
30386,OR,2018,3
30476,OR,2020,7
30554,OR,2018,1
30561,OR,2018,1
30568,OR,2018,1
30570,OR,2018,1
30575,OR,2018,3
30599,OR,2018,1
30606,OR,2018,1
30609,OR,2018,1
30615,OR,2018,3
30622,OR,2018,1
30628,OR,2018,3
30629,OR,2018,1
30630,OR,2018,1
30631,OR,2018,1
30657,OR,2018,1
30698,OR,2018,2
31009,OR,2020,20
31132,OR,2020,1
31132,OR,2019,10
31242,OR,2020,9
31242,OR,2019,12
31247,OR,2020,2
31247,OR,2019,12
31311,OR,2020,1
32857,OR,2019,4
32943,OR,2019,19
32961,OR,2019,8
32987,OR,2019,9
32990,OR,2019,9
32997,OR,2019,10
33002,OR,2020,17
33002,OR,2019,18
33011,OR,2019,5
33023,OR,2019,10
33024,OR,2019,6
33060,OR,2019,10
33167,OR,2019,2
33181,OR,2019,1
33384,OR,2019,7
33444,OR,2020,4
33444,OR,2019,13
33608,OR,2019,7
33647,OR,2019,4
33672,OR,2019,5
33680,OR,2019,5
33683,OR,2019,1
33686,OR,2019,3
33690,OR,2019,5
33692,OR,2019,2
33746,OR,2019,1
33799,OR,2019,1
34024,OR,2019,1
34059,OR,2019,1
34061,OR,2019,1
34075,OR,2019,1
34093,OR,2019,1
34118,OR,2019,1
34151,OR,2019,1
34154,OR,2019,1
34169,OR,2019,1
34170,OR,2019,1
34173,OR,2019,1
34179,OR,2019,1
34182,OR,2019,1
34193,OR,2019,1
34765,OR,2020,11
34909,OR,2020,7
34910,OR,2020,24
34920,OR,2020,16
34970,OR,2020,6
34971,OR,2020,6
34980,OR,2020,5
34984,OR,2020,6
36254,OR,2020,2
36312,OR,2020,3
36636,OR,2020,1
36778,OR,2020,5
36784,OR,2020,1
36897,OR,2020,3
37411,OR,2020,4
37579,OR,2020,5
38465,OR,2020,3
38486,OR,2020,1
38678,OR,2020,4
38725,OR,2020,4
38819,OR,2020,3
193,PA,2019,4
193,PA,2018,5
867,PA,2018,4
2669,PA,2020,13
2669,PA,2019,5
2669,PA,2018,19
5405,PA,2019,1
9083,PA,2018,8
10122,PA,2018,8
11493,PA,2020,2
11493,PA,2019,3
11493,PA,2018,4
17324,PA,2019,1
19935,PA,2020,10
19935,PA,2019,23
19935,PA,2018,16
19960,PA,2020,10
19960,PA,2019,13
19960,PA,2018,8
20312,PA,2018,1
20698,PA,2020,1
20698,PA,2019,1
21765,PA,2019,3
21765,PA,2018,6
23056,PA,2019,9
23056,PA,2018,10
23284,PA,2019,3
23284,PA,2018,5
26001,PA,2020,5
26001,PA,2018,29
26002,PA,2020,1
26002,PA,2018,14
26003,PA,2020,8
26003,PA,2018,29
26742,PA,2019,1
26742,PA,2018,29
26897,PA,2020,83
26897,PA,2019,23
26897,PA,2018,15
27203,PA,2019,11
27203,PA,2018,10
27204,PA,2019,5
27204,PA,2018,3
27206,PA,2019,11
27206,PA,2018,4
28503,PA,2018,2
28729,PA,2020,22
28729,PA,2019,36
28729,PA,2018,62
28742,PA,2019,9
28742,PA,2018,11
28893,PA,2018,6
29352,PA,2018,10
29855,PA,2018,1
29858,PA,2018,1
29984,PA,2018,1
30006,PA,2018,1
30234,PA,2018,2
30259,PA,2018,3
30269,PA,2019,1
30269,PA,2018,2
30569,PA,2018,1
30683,PA,2018,1
30705,PA,2018,1
31659,PA,2019,4
33496,PA,2020,8
33496,PA,2019,14
33670,PA,2019,6
33931,PA,2020,7
33931,PA,2019,8
35699,PA,2020,2
36343,PA,2020,20
37660,PA,2020,14
37663,PA,2020,14
37671,PA,2020,16
37674,PA,2020,2
37676,PA,2020,4
37679,PA,2020,5
37689,PA,2020,14
37698,PA,2020,2
37702,PA,2020,14
37717,PA,2020,2
37744,PA,2020,3
37747,PA,2020,14
37748,PA,2020,8
37791,PA,2020,2
37890,PA,2020,9
37913,PA,2020,1
37920,PA,2020,9
37965,PA,2020,3
37973,PA,2020,8
37979,PA,2020,13
38036,PA,2020,10
38048,PA,2020,5
38126,PA,2020,3
38128,PA,2020,4
38574,PA,2020,1
38616,PA,2020,1
38662,PA,2020,1
38713,PA,2020,1
38808,PA,2020,4
39091,PA,2020,1
39098,PA,2020,2
33782,QC,2019,13
38160,QC,2020,7
29857,RI,2018,4
30091,RI,2018,3
30092,RI,2018,3
36997,RI,2020,4
37107,RI,2020,1
37416,RI,2020,1
37609,RI,2020,3
36447,Samarqand Region,2020,13
5470,SC,2018,92
11713,SC,2019,1
31052,SC,2019,92
33354,SC,2019,1
37740,SC,2020,4
38406,SC,2020,1
200,SD,2018,1
606,SD,2019,1
606,SD,2018,1
17827,SD,2020,3
23340,SD,2018,14
27856,SD,2020,19
27856,SD,2019,26
27856,SD,2018,42
28649,SD,2018,7
28666,SD,2018,8
28673,SD,2018,8
28675,SD,2018,7
28709,SD,2018,8
28734,SD,2018,2
28735,SD,2018,7
28736,SD,2018,3
28739,SD,2018,8
28741,SD,2018,10
28843,SD,2018,8
30046,SD,2018,2
30309,SD,2018,2
30954,SD,2018,1
32594,SD,2019,8
32595,SD,2019,4
32609,SD,2019,4
32620,SD,2019,2
32620,SD,2018,1
32624,SD,2019,1
32639,SD,2019,1
32649,SD,2019,8
32659,SD,2019,8
32675,SD,2019,8
32681,SD,2019,8
32682,SD,2019,10
32684,SD,2019,9
32685,SD,2019,3
32689,SD,2019,19
32691,SD,2019,4
32707,SD,2019,8
32708,SD,2019,8
32715,SD,2019,8
32721,SD,2019,7
32722,SD,2019,9
32725,SD,2019,1
32732,SD,2019,8
32750,SD,2019,8
32785,SD,2019,9
32819,SD,2019,9
33044,SD,2019,6
33341,SD,2019,7
33342,SD,2019,7
33343,SD,2019,7
33346,SD,2019,7
33347,SD,2019,8
33951,SD,2019,3
37376,SD,2020,2
39407,SD,2020,1
25063,Shandong Sheng,2019,7
25063,Shandong Sheng,2018,12
31058,Tibet,2019,2
613,TN,2019,1
613,TN,2018,1
1495,TN,2020,1
1495,TN,2018,2
2772,TN,2020,45
2772,TN,2019,56
2772,TN,2018,78
6701,TN,2020,11
6701,TN,2019,10
8408,TN,2020,1
8408,TN,2018,1
8409,TN,2020,2
8409,TN,2019,3
8409,TN,2018,7
8806,TN,2020,2
8806,TN,2019,8
8806,TN,2018,9
8836,TN,2020,4
8836,TN,2019,16
8836,TN,2018,29
8897,TN,2018,1
8898,TN,2018,1
8901,TN,2020,2
8901,TN,2019,10
8901,TN,2018,1
8981,TN,2020,1
8981,TN,2019,7
8981,TN,2018,7
9338,TN,2020,2
9338,TN,2019,6
9338,TN,2018,1
9339,TN,2020,2
9339,TN,2019,4
9339,TN,2018,8
9340,TN,2020,3
9340,TN,2019,9
9340,TN,2018,12
9341,TN,2020,7
9341,TN,2019,10
9341,TN,2018,9
9342,TN,2020,3
9342,TN,2019,9
9342,TN,2018,12
9343,TN,2020,6
9343,TN,2019,9
9343,TN,2018,4
9344,TN,2020,2
9344,TN,2019,7
11999,TN,2020,2
11999,TN,2019,17
11999,TN,2018,18
12002,TN,2020,2
12002,TN,2019,15
12002,TN,2018,17
12003,TN,2020,4
12003,TN,2019,8
12003,TN,2018,18
12055,TN,2020,1
16258,TN,2020,1
17582,TN,2020,3
17582,TN,2019,13
17582,TN,2018,7
19187,TN,2019,6
19187,TN,2018,15
22315,TN,2018,4
25361,TN,2020,45
25361,TN,2019,56
25361,TN,2018,79
25362,TN,2020,45
25362,TN,2019,54
25362,TN,2018,77
27567,TN,2020,5
27567,TN,2019,10
27567,TN,2018,13
27570,TN,2020,12
27570,TN,2019,14
27570,TN,2018,14
29095,TN,2020,12
29095,TN,2019,13
29095,TN,2018,16
29104,TN,2020,12
29104,TN,2019,13
29104,TN,2018,15
29298,TN,2018,1
30125,TN,2018,1
30127,TN,2018,1
32397,TN,2018,1
33294,TN,2019,1
34051,TN,2020,1
34051,TN,2019,2
34968,TN,2020,6
35767,TN,2020,11
35768,TN,2020,11
35769,TN,2020,11
35872,TN,2019,22
35872,TN,2018,22
35873,TN,2019,22
35873,TN,2018,22
35898,TN,2019,20
35898,TN,2018,20
35899,TN,2019,20
37620,TN,2020,5
37760,TN,2020,4
37794,TN,2020,1
37946,TN,2020,5
38830,TN,2020,1
30188,Toscana,2018,4
8418,TX,2020,1
8418,TX,2019,21
8418,TX,2018,23
9900,TX,2020,1
16404,TX,2020,6
16404,TX,2019,6
16404,TX,2018,7
19661,TX,2018,23
21207,TX,2020,1
25330,TX,2020,14
25330,TX,2019,46
29001,TX,2018,1
29671,TX,2018,1
30439,TX,2018,9
31102,TX,2020,1
31103,TX,2020,1
31104,TX,2020,1
31105,TX,2020,1
31106,TX,2020,1
31107,TX,2020,1
32472,TX,2019,1
32473,TX,2019,1
32982,TX,2019,1
33125,TX,2019,1
33420,TX,2019,1
33421,TX,2019,1
33572,TX,2019,8
33725,TX,2019,1
33928,TX,2019,1
34191,TX,2019,1
34264,TX,2019,1
34459,TX,2020,32
34824,TX,2020,3
35375,TX,2020,6
35861,TX,2019,13
35861,TX,2018,13
35862,TX,2019,13
35862,TX,2018,13
36260,TX,2020,4
36313,TX,2020,3
36345,TX,2020,1
36361,TX,2020,9
36415,TX,2020,1
36444,TX,2020,2
36460,TX,2020,6
36467,TX,2020,6
36479,TX,2020,4
36484,TX,2020,6
36485,TX,2020,6
36486,TX,2020,4
36488,TX,2020,6
36491,TX,2020,3
36495,TX,2020,2
36499,TX,2020,1
36507,TX,2020,1
36521,TX,2020,2
36522,TX,2020,6
36534,TX,2020,2
36537,TX,2020,4
36538,TX,2020,5
36539,TX,2020,6
36542,TX,2020,4
36546,TX,2020,4
36547,TX,2020,7
36549,TX,2020,3
36550,TX,2020,1
36558,TX,2020,6
36560,TX,2020,1
36561,TX,2020,1
36563,TX,2020,5
36568,TX,2020,7
36570,TX,2020,5
36575,TX,2020,6
36578,TX,2020,11
36581,TX,2020,5
36585,TX,2020,6
36590,TX,2020,6
36597,TX,2020,7
36599,TX,2020,5
36601,TX,2020,6
36609,TX,2020,3
36611,TX,2020,1
36613,TX,2020,4
36615,TX,2020,5
36617,TX,2020,5
36625,TX,2020,2
36628,TX,2020,4
36629,TX,2020,5
36632,TX,2020,6
36635,TX,2020,17
36650,TX,2020,4
36658,TX,2020,2
36662,TX,2020,5
36678,TX,2020,1
36702,TX,2020,7
36704,TX,2020,8
36707,TX,2020,4
36710,TX,2020,4
36717,TX,2020,4
36724,TX,2020,3
36725,TX,2020,2
36733,TX,2020,7
36734,TX,2020,18
36748,TX,2020,8
36750,TX,2020,1
36751,TX,2020,5
36765,TX,2020,6
36840,TX,2020,1
36869,TX,2020,8
36938,TX,2020,1
36971,TX,2020,6
36972,TX,2020,1
36980,TX,2020,3
36989,TX,2020,3
36991,TX,2020,1
37102,TX,2020,2
37370,TX,2020,6
37402,TX,2020,6
37551,TX,2020,1
37812,TX,2020,4
37896,TX,2020,3
38020,TX,2020,2
38133,TX,2020,1
38605,TX,2020,1
38969,TX,2020,1
8253,UT,2020,9
8253,UT,2019,13
8253,UT,2018,7
10717,UT,2020,23
17337,UT,2018,3
17416,UT,2019,1
17416,UT,2018,1
25346,UT,2020,7
25346,UT,2019,3
25346,UT,2018,1
25803,UT,2018,1
26119,UT,2020,9
26119,UT,2019,11
26119,UT,2018,6
26922,UT,2018,1
28798,UT,2018,3
29573,UT,2018,1
30564,UT,2020,12
30564,UT,2019,1
30564,UT,2018,2
30625,UT,2018,1
31368,UT,2019,1
33394,UT,2019,16
33837,UT,2020,18
33837,UT,2019,3
34124,UT,2019,1
34254,UT,2019,2
34299,UT,2019,2
35742,UT,2020,1
35758,UT,2020,1
35888,UT,2019,13
35888,UT,2018,26
35889,UT,2019,13
35889,UT,2018,26
35896,UT,2019,15
35896,UT,2018,22
35897,UT,2019,15
35897,UT,2018,23
37830,UT,2020,1
37849,UT,2020,7
37905,UT,2020,2
37929,UT,2020,1
38443,UT,2020,2
38817,UT,2020,3
1305,VA,2018,2
1330,VA,2020,1
1330,VA,2019,1
1330,VA,2018,2
1464,VA,2019,1
1464,VA,2018,2
5206,VA,2018,6
5207,VA,2018,7
8381,VA,2020,1
8381,VA,2019,1
8947,VA,2019,10
8947,VA,2018,5
9086,VA,2019,2
9086,VA,2018,7
11052,VA,2019,3
11052,VA,2018,1
16412,VA,2019,3
16412,VA,2018,1
22018,VA,2020,1
22018,VA,2019,2
22018,VA,2018,2
22933,VA,2019,1
24550,VA,2018,2
25024,VA,2018,24
25135,VA,2018,2
25325,VA,2019,4
25325,VA,2018,15
25442,VA,2020,1
25442,VA,2019,1
25442,VA,2018,6
25686,VA,2020,14
25686,VA,2019,11
25686,VA,2018,14
25894,VA,2020,1
27457,VA,2019,1
27459,VA,2019,10
28192,VA,2019,10
28631,VA,2018,1
28759,VA,2018,9
28952,VA,2019,1
28952,VA,2018,22
28981,VA,2018,1
29220,VA,2018,35
29244,VA,2018,6
29403,VA,2019,8
29403,VA,2018,12
29418,VA,2018,43
29419,VA,2019,1
29419,VA,2018,8
29702,VA,2018,1
29703,VA,2018,12
29704,VA,2018,10
29707,VA,2018,5
29708,VA,2018,1
29710,VA,2018,7
29741,VA,2018,2
30013,VA,2020,12
30013,VA,2019,11
30013,VA,2018,19
30122,VA,2018,2
30129,VA,2018,2
30148,VA,2018,9
30378,VA,2018,3
30492,VA,2018,1
30538,VA,2018,8
30973,VA,2020,12
30973,VA,2019,17
31134,VA,2020,1
31336,VA,2019,5
31337,VA,2019,5
31338,VA,2019,5
32117,VA,2019,5
32118,VA,2019,4
32356,VA,2019,4
32373,VA,2019,4
32374,VA,2019,4
32375,VA,2019,4
32392,VA,2019,4
32393,VA,2019,4
32458,VA,2020,7
32458,VA,2019,53
32671,VA,2019,1
32822,VA,2020,2
33004,VA,2019,24
33045,VA,2019,3
33110,VA,2019,10
33267,VA,2020,13
33267,VA,2019,10
33669,VA,2019,2
33763,VA,2019,2
33868,VA,2019,2
34538,VA,2020,6
35576,VA,2020,1
35857,VA,2019,25
35857,VA,2018,26
35858,VA,2019,25
35887,VA,2019,16
35887,VA,2018,10
35904,VA,2019,20
35904,VA,2018,20
35905,VA,2019,20
36364,VA,2020,3
36652,VA,2020,13
36652,VA,2019,2
36830,VA,2020,15
36923,VA,2020,12
36924,VA,2020,8
36925,VA,2020,12
36926,VA,2020,5
36995,VA,2020,11
37315,VA,2020,10
37530,VA,2020,1
37540,VA,2020,2
37910,VA,2020,6
38113,VA,2020,1
38730,VA,2020,4
38731,VA,2020,4
38732,VA,2020,4
38733,VA,2020,3
38745,VA,2020,5
38807,VA,2020,3
38949,VA,2020,3
209,VT,2020,2
209,VT,2019,1
209,VT,2018,1
27270,VT,2020,9
27270,VT,2019,4
27270,VT,2018,1
30619,VT,2018,1
33490,VT,2020,1
33490,VT,2019,8
33904,VT,2019,5
35794,VT,2020,5
37010,VT,2020,1
37204,VT,2020,11
37975,VT,2020,30
38051,VT,2020,1
1274,WA,2020,12
1274,WA,2019,13
1274,WA,2018,14
1484,WA,2020,3
1484,WA,2019,12
1484,WA,2018,12
1560,WA,2018,3
5220,WA,2020,5
5220,WA,2019,8
5220,WA,2018,9
5288,WA,2020,1
5288,WA,2019,1
5288,WA,2018,3
5428,WA,2020,9
5428,WA,2019,9
5428,WA,2018,7
9618,WA,2020,1
9618,WA,2019,2
9618,WA,2018,2
18477,WA,2018,1
19529,WA,2018,40
19952,WA,2019,3
19952,WA,2018,1
21019,WA,2019,10
21019,WA,2018,11
21021,WA,2019,10
21021,WA,2018,11
21022,WA,2019,13
21022,WA,2018,11
21023,WA,2019,11
21023,WA,2018,9
24562,WA,2019,11
24562,WA,2018,11
24783,WA,2020,8
24783,WA,2019,5
24783,WA,2018,8
25242,WA,2019,1
25242,WA,2018,2
25266,WA,2019,1
25266,WA,2018,1
26123,WA,2018,22
27426,WA,2019,1
27426,WA,2018,1
28485,WA,2018,8
28572,WA,2020,7
28572,WA,2019,5
28572,WA,2018,6
29890,WA,2020,5
29890,WA,2019,10
29900,WA,2019,1
29900,WA,2018,5
29908,WA,2018,7
30162,WA,2019,9
30162,WA,2018,7
30463,WA,2018,1
30556,WA,2018,6
30557,WA,2018,7
30558,WA,2018,4
30607,WA,2018,1
30620,WA,2018,1
30667,WA,2018,7
31779,WA,2020,4
31779,WA,2019,2
32586,WA,2019,7
33127,WA,2020,8
33127,WA,2019,5
33133,WA,2020,8
33133,WA,2019,6
33134,WA,2020,8
33134,WA,2019,6
33135,WA,2020,8
33135,WA,2019,6
33136,WA,2020,7
33136,WA,2019,7
33137,WA,2020,8
33137,WA,2019,6
33169,WA,2020,7
33169,WA,2019,3
33533,WA,2019,2
33586,WA,2019,13
33588,WA,2019,15
33619,WA,2019,1
33620,WA,2019,2
33685,WA,2019,4
33735,WA,2020,6
33735,WA,2019,5
33737,WA,2019,1
33769,WA,2019,5
33957,WA,2019,1
33997,WA,2019,4
34020,WA,2019,1
34126,WA,2019,1
34127,WA,2019,6
34278,WA,2019,1
35852,WA,2019,25
35852,WA,2018,19
35853,WA,2019,25
35853,WA,2018,20
35927,WA,2019,11
35927,WA,2018,13
35928,WA,2019,11
36373,WA,2020,6
36640,WA,2020,15
37564,WA,2020,3
37635,WA,2020,4
37755,WA,2020,1
37821,WA,2020,1
37825,WA,2020,5
37992,WA,2020,10
38043,WA,2020,3
38392,WA,2020,1
38476,WA,2020,10
38478,WA,2020,1
38528,WA,2020,3
38542,WA,2020,1
38568,WA,2020,2
38666,WA,2020,1
38724,WA,2020,4
39015,WA,2020,8
39037,WA,2020,6
39046,WA,2020,1
39051,WA,2020,2
9,WI,2020,20
9,WI,2019,19
9,WI,2018,19
217,WI,2020,7
217,WI,2019,5
217,WI,2018,4
6493,WI,2018,2
12525,WI,2020,1
20151,WI,2020,9
20151,WI,2019,10
20151,WI,2018,10
20152,WI,2020,9
20152,WI,2019,10
20152,WI,2018,8
20617,WI,2018,8
22627,WI,2018,5
23712,WI,2020,1
24917,WI,2020,2
25104,WI,2018,2
25319,WI,2019,1
25794,WI,2018,1
25882,WI,2019,4
26150,WI,2018,2
26484,WI,2018,1
28518,WI,2018,4
28519,WI,2018,4
28520,WI,2018,4
28548,WI,2018,3
28738,WI,2018,10
29664,WI,2018,1
30069,WI,2019,19
30069,WI,2018,26
30196,WI,2018,1
30540,WI,2018,1
30541,WI,2018,1
30542,WI,2018,1
30562,WI,2018,1
30573,WI,2018,1
30576,WI,2018,1
31911,WI,2020,3
32674,WI,2019,4
32984,WI,2019,3
33009,WI,2019,1
33448,WI,2019,3
33738,WI,2019,5
33880,WI,2019,1
33884,WI,2019,2
34147,WI,2019,1
34242,WI,2019,3
34276,WI,2019,1
34303,WI,2019,1
35919,WI,2019,16
35919,WI,2018,13
35920,WI,2019,16
36708,WI,2020,1
37544,WI,2020,1
37708,WI,2020,1
37981,WI,2020,1
38106,WI,2020,1
38111,WI,2020,1
38347,WI,2020,13
38353,WI,2020,1
38529,WI,2020,18
38534,WI,2020,1
38577,WI,2020,1
38582,WI,2020,1
38586,WI,2020,1
38606,WI,2020,1
38642,WI,2020,1
38659,WI,2020,1
38676,WI,2020,3
38690,WI,2020,1
38692,WI,2020,1
38693,WI,2020,1
38694,WI,2020,6
38697,WI,2020,1
38711,WI,2020,3
38715,WI,2020,1
38719,WI,2020,1
38790,WI,2020,3
38995,WI,2020,2
39107,WI,2020,1
39110,WI,2020,1
1642,WV,2020,1
5287,WV,2019,1
17377,WV,2019,6
17377,WV,2018,4
20268,WV,2020,7
20268,WV,2019,7
20268,WV,2018,3
20572,WV,2020,6
20572,WV,2019,8
20572,WV,2018,10
22720,WV,2020,17
22720,WV,2019,29
22720,WV,2018,38
23113,WV,2020,2
26533,WV,2019,3
28262,WV,2018,7
30096,WV,2020,5
30096,WV,2019,11
30096,WV,2018,10
30107,WV,2018,7
30147,WV,2020,7
30147,WV,2019,7
30147,WV,2018,8
30157,WV,2018,1
30185,WV,2019,1
30186,WV,2019,5
30186,WV,2018,9
30187,WV,2018,2
30310,WV,2018,1
31582,WV,2019,5
31586,WV,2019,5
31589,WV,2019,4
31593,WV,2019,3
31609,WV,2019,4
31644,WV,2019,3
37928,WV,2020,1
38832,WV,2020,1
681,WY,2019,3
681,WY,2018,2
1109,WY,2020,30
1109,WY,2019,23
1109,WY,2018,27
23232,WY,2020,19
23232,WY,2019,7
23232,WY,2018,13
29722,WY,2020,1
29722,WY,2019,2
29722,WY,2018,4
29724,WY,2020,1
29724,WY,2019,3
29724,WY,2018,3
30274,WY,2019,3
30274,WY,2018,3
30285,WY,2019,5
30285,WY,2018,2
30986,WY,2020,1
34040,WY,2019,9
35929,WY,2019,20
36531,WY,2020,6
37800,WY,2020,5
37933,WY,2020,3
37956,WY,2020,1
38095,WY,2020,5
38192,WY,2020,1
38433,WY,2020,1
38444,WY,2020,2
38445,WY,2020,4
38447,WY,2020,2
38448,WY,2020,1
38453,WY,2020,1
38455,WY,2020,3
38462,WY,2020,2
38535,WY,2020,1
38632,WY,2020,1
38638,WY,2020,1
