Site ID,State,Year of Observation Date,Distinct count of Observation ID
24057,-9999,2018,1
26198,-9999,2020,16
29749,-9999,2018,51
28808,AB,2018,494
2099,AK,2018,84
26398,AK,2018,10
27582,AK,2018,114
27592,AK,2018,76
28754,AK,2018,1323
30520,AK,2018,114
33995,AK,2019,55
35859,AK,2019,3447
35859,AK,2018,1481
35860,AK,2019,1890
35860,AK,2018,132
35867,AK,2019,5040
35867,AK,2018,1805
35877,AK,2019,2880
35877,AK,2018,1578
35918,AK,2019,3239
35918,AK,2018,360
37836,AK,2020,184
38114,AK,2020,7
39081,AK,2020,83
39082,AK,2020,97
16811,AL,2019,1032
16811,AL,2018,645
26641,AL,2020,640
26641,AL,2019,554
26641,AL,2018,271
27019,AL,2020,1220
27019,AL,2019,1321
27019,AL,2018,955
35868,AL,2019,5700
35868,AL,2018,7965
35869,AL,2019,120
35885,AL,2019,9180
35885,AL,2018,10246
35886,AL,2019,630
35917,AL,2019,6720
35917,AL,2018,6232
11200,AR,2018,21
17062,AR,2018,60
19824,AR,2020,457
19824,AR,2018,43
30499,AR,2018,130
33210,AR,2019,166
36831,AR,2020,2083
36873,AR,2020,322
37293,AR,2020,338
37617,AR,2020,8
30,AZ,2020,705
30,AZ,2019,154
30,AZ,2018,168
6026,AZ,2020,701
6026,AZ,2019,571
6026,AZ,2018,2077
6102,AZ,2020,9
6102,AZ,2019,717
6102,AZ,2018,520
6595,AZ,2019,29
8242,AZ,2020,1026
8242,AZ,2019,504
8242,AZ,2018,712
8501,AZ,2020,22
8683,AZ,2020,336
8683,AZ,2019,280
8683,AZ,2018,392
8710,AZ,2019,1
10516,AZ,2018,55
10878,AZ,2020,168
10878,AZ,2019,140
10878,AZ,2018,196
10879,AZ,2020,66
10879,AZ,2019,546
10879,AZ,2018,198
10880,AZ,2020,33
10880,AZ,2019,353
10880,AZ,2018,132
10959,AZ,2020,476
10959,AZ,2019,399
10959,AZ,2018,568
10960,AZ,2020,329
10960,AZ,2019,273
10960,AZ,2018,385
11587,AZ,2020,91
11587,AZ,2019,1013
11587,AZ,2018,2799
12064,AZ,2020,823
12064,AZ,2019,2482
12064,AZ,2018,1903
16522,AZ,2018,44
16534,AZ,2019,9
16547,AZ,2019,96
16547,AZ,2018,336
16831,AZ,2020,32
16831,AZ,2018,163
17585,AZ,2019,55
17585,AZ,2018,11
17594,AZ,2019,361
17850,AZ,2019,95
17850,AZ,2018,285
18280,AZ,2019,90
18529,AZ,2020,752
18529,AZ,2019,2444
18529,AZ,2018,1245
19711,AZ,2020,3726
19711,AZ,2019,3551
19711,AZ,2018,2764
19996,AZ,2019,2
20974,AZ,2018,967
20978,AZ,2018,1003
21359,AZ,2020,1925
21359,AZ,2019,1971
21359,AZ,2018,2178
21583,AZ,2020,7
21716,AZ,2020,1
22063,AZ,2020,139
22063,AZ,2019,327
22063,AZ,2018,322
22064,AZ,2018,567
22311,AZ,2019,3668
22311,AZ,2018,2905
22334,AZ,2018,472
22365,AZ,2019,230
22365,AZ,2018,144
22613,AZ,2020,834
22613,AZ,2019,2758
22613,AZ,2018,4224
22686,AZ,2020,72
22686,AZ,2019,19
22728,AZ,2020,713
22728,AZ,2019,725
22728,AZ,2018,853
22882,AZ,2018,75
22976,AZ,2019,32
23065,AZ,2019,5
23065,AZ,2018,4
23857,AZ,2020,815
24150,AZ,2019,524
24150,AZ,2018,525
24417,AZ,2019,168
24417,AZ,2018,361
24548,AZ,2020,120
24548,AZ,2019,319
24548,AZ,2018,154
24702,AZ,2020,6059
24702,AZ,2019,5055
24702,AZ,2018,2378
24703,AZ,2020,2183
24703,AZ,2019,1088
24703,AZ,2018,1005
24705,AZ,2020,2766
24705,AZ,2019,1056
24705,AZ,2018,1516
26423,AZ,2018,351
26971,AZ,2018,6
27134,AZ,2018,508
27448,AZ,2018,408
28037,AZ,2018,5
28148,AZ,2020,2065
28148,AZ,2019,1682
28148,AZ,2018,160
29865,AZ,2018,28
29883,AZ,2018,6
29952,AZ,2018,16
30120,AZ,2019,39
30120,AZ,2018,5
30258,AZ,2020,176
30258,AZ,2019,264
30283,AZ,2020,10
30283,AZ,2019,50
30283,AZ,2018,25
30382,AZ,2018,156
30389,AZ,2019,15
30389,AZ,2018,45
30426,AZ,2020,1674
30426,AZ,2019,2214
30426,AZ,2018,925
30430,AZ,2020,1782
30430,AZ,2019,2214
30430,AZ,2018,858
30431,AZ,2020,648
30431,AZ,2019,1080
30431,AZ,2018,306
30488,AZ,2018,30
30521,AZ,2018,5
30533,AZ,2018,89
30580,AZ,2019,50
30580,AZ,2018,49
30610,AZ,2019,28
30610,AZ,2018,127
30636,AZ,2020,30
30636,AZ,2019,15
30636,AZ,2018,24
30724,AZ,2018,154
30743,AZ,2018,26
30748,AZ,2018,15
30776,AZ,2018,10
30777,AZ,2018,5
30778,AZ,2018,10
30779,AZ,2018,32
30780,AZ,2018,35
30812,AZ,2020,163
30812,AZ,2019,20
30812,AZ,2018,5
31057,AZ,2019,90
31160,AZ,2019,1323
31185,AZ,2019,10
31186,AZ,2019,10
31187,AZ,2019,10
31187,AZ,2018,5
31188,AZ,2019,10
31189,AZ,2019,10
31190,AZ,2019,10
31191,AZ,2019,10
31192,AZ,2019,10
31193,AZ,2019,10
31194,AZ,2019,10
31195,AZ,2019,10
31196,AZ,2019,10
31197,AZ,2019,10
31198,AZ,2019,10
31199,AZ,2019,10
31339,AZ,2020,171
31339,AZ,2019,510
31340,AZ,2020,181
31340,AZ,2019,560
31367,AZ,2020,186
31367,AZ,2019,506
31467,AZ,2020,558
31467,AZ,2019,385
31551,AZ,2019,136
31570,AZ,2018,15
31572,AZ,2018,20
31573,AZ,2018,20
31574,AZ,2018,20
31575,AZ,2018,20
31663,AZ,2019,20
31663,AZ,2018,30
31691,AZ,2020,10
31691,AZ,2019,257
32714,AZ,2019,11
32737,AZ,2019,7
32748,AZ,2019,98
32995,AZ,2019,132
33157,AZ,2019,161
33157,AZ,2018,171
33189,AZ,2020,55
33199,AZ,2019,10
33351,AZ,2020,140
33351,AZ,2019,137
33593,AZ,2019,23
33609,AZ,2019,2084
33723,AZ,2019,2548
33740,AZ,2019,20
33767,AZ,2019,20
33768,AZ,2019,178
33816,AZ,2019,200
33932,AZ,2019,82
33933,AZ,2019,188
34082,AZ,2019,9
34083,AZ,2019,15
34168,AZ,2019,4
34174,AZ,2019,28
34234,AZ,2020,2419
34234,AZ,2019,806
34244,AZ,2020,244
34244,AZ,2019,120
34252,AZ,2019,5
34267,AZ,2019,72
34526,AZ,2020,25
34563,AZ,2020,25
34937,AZ,2020,1528
34949,AZ,2020,774
34995,AZ,2020,18
35023,AZ,2020,15
35025,AZ,2020,21
35567,AZ,2020,15
35912,AZ,2019,4318
35912,AZ,2018,4674
35913,AZ,2019,468
35913,AZ,2018,468
36284,AZ,2020,33
36336,AZ,2020,82
36882,AZ,2020,849
36883,AZ,2020,5
37403,AZ,2020,618
37574,AZ,2020,268
37688,AZ,2020,249
37690,AZ,2020,1063
37723,AZ,2020,44
37738,AZ,2020,294
37823,AZ,2020,47
37959,AZ,2020,7
38286,AZ,2020,30
38326,AZ,2020,65
38340,AZ,2020,291
38374,AZ,2020,120
38395,AZ,2020,21
38493,AZ,2020,1550
38493,AZ,2019,102
38571,AZ,2020,349
38585,AZ,2020,1872
38631,AZ,2020,40
38648,AZ,2020,8
38707,AZ,2020,20
38806,AZ,2020,17
22577,BC,2019,94
22577,BC,2018,468
24718,BC,2019,883
24718,BC,2018,889
25009,BC,2019,1020
25009,BC,2018,1069
25010,BC,2019,525
25010,BC,2018,688
33258,BC,2019,11
1051,CA,2018,24
1380,CA,2020,356
1380,CA,2019,237
1380,CA,2018,831
1559,CA,2019,264
1559,CA,2018,263
5389,CA,2020,144
5389,CA,2019,432
5389,CA,2018,396
5390,CA,2020,230
5390,CA,2019,684
5390,CA,2018,629
5391,CA,2020,144
5391,CA,2019,433
5391,CA,2018,400
5392,CA,2018,350
5393,CA,2018,460
5394,CA,2018,420
5395,CA,2018,420
5442,CA,2020,719
5442,CA,2019,968
5442,CA,2018,763
5443,CA,2020,75
5443,CA,2019,820
5443,CA,2018,348
5444,CA,2020,86
5444,CA,2019,1033
5444,CA,2018,400
5445,CA,2020,42
5445,CA,2019,617
5445,CA,2018,235
5446,CA,2018,405
5447,CA,2018,459
5448,CA,2018,459
5449,CA,2018,666
5850,CA,2020,80
5850,CA,2019,953
5850,CA,2018,240
5851,CA,2020,80
5851,CA,2019,948
5851,CA,2018,240
5852,CA,2020,71
5852,CA,2019,851
5852,CA,2018,213
5857,CA,2018,375
6081,CA,2020,121
6081,CA,2019,138
6081,CA,2018,383
6082,CA,2020,79
6082,CA,2019,72
6082,CA,2018,233
6085,CA,2020,200
6085,CA,2019,199
6085,CA,2018,650
6086,CA,2020,124
6086,CA,2019,93
6086,CA,2018,403
6091,CA,2020,467
6091,CA,2019,1157
6091,CA,2018,1269
6092,CA,2020,272
6092,CA,2019,693
6092,CA,2018,843
6093,CA,2020,222
6093,CA,2019,611
6093,CA,2018,662
6094,CA,2020,276
6094,CA,2019,912
6094,CA,2018,978
6095,CA,2020,249
6095,CA,2019,754
6095,CA,2018,816
6097,CA,2020,178
6097,CA,2019,485
6097,CA,2018,520
6098,CA,2020,115
6098,CA,2019,225
6098,CA,2018,224
6099,CA,2020,305
6099,CA,2019,953
6099,CA,2018,1258
6100,CA,2020,115
6100,CA,2019,450
6100,CA,2018,433
6149,CA,2020,192
6149,CA,2019,182
6149,CA,2018,629
6151,CA,2020,108
6151,CA,2019,54
6151,CA,2018,375
6213,CA,2019,143
6213,CA,2018,768
6214,CA,2019,164
6214,CA,2018,1102
6215,CA,2019,44
6215,CA,2018,411
6216,CA,2019,244
6216,CA,2018,1215
6217,CA,2019,44
6217,CA,2018,220
6218,CA,2019,44
6218,CA,2018,220
6219,CA,2019,44
6219,CA,2018,342
6220,CA,2019,64
6220,CA,2018,303
6221,CA,2019,136
6221,CA,2018,846
6398,CA,2020,1696
6398,CA,2019,10
6398,CA,2018,3640
6399,CA,2020,3889
6399,CA,2019,3534
6399,CA,2018,4175
6443,CA,2018,25
6466,CA,2020,413
6466,CA,2019,396
6466,CA,2018,126
6471,CA,2018,855
8330,CA,2018,25
8417,CA,2018,99
8768,CA,2020,280
8768,CA,2019,360
8768,CA,2018,400
8769,CA,2020,451
8769,CA,2019,533
8769,CA,2018,492
8770,CA,2020,152
8770,CA,2019,362
8770,CA,2018,548
8835,CA,2020,53
8835,CA,2019,583
8835,CA,2018,530
8861,CA,2020,40
8861,CA,2019,40
8861,CA,2018,20
8862,CA,2020,18
8862,CA,2019,18
8862,CA,2018,9
8863,CA,2020,52
8863,CA,2019,52
8863,CA,2018,26
8865,CA,2020,58
8865,CA,2019,58
8865,CA,2018,29
8919,CA,2018,105
8921,CA,2019,938
8921,CA,2018,897
8927,CA,2020,53
8927,CA,2019,212
8927,CA,2018,159
8937,CA,2020,34
8937,CA,2019,34
8937,CA,2018,17
8940,CA,2020,53
8940,CA,2019,725
8940,CA,2018,1182
8957,CA,2020,416
8957,CA,2019,1023
8957,CA,2018,924
8959,CA,2020,1249
8959,CA,2019,3164
8959,CA,2018,3051
8984,CA,2019,21
8984,CA,2018,105
8985,CA,2019,27
8985,CA,2018,105
8986,CA,2019,14
8986,CA,2018,105
8987,CA,2019,11
8987,CA,2018,55
8988,CA,2019,11
8988,CA,2018,55
8989,CA,2019,11
8989,CA,2018,55
9004,CA,2020,30
9004,CA,2019,45
9004,CA,2018,15
9022,CA,2018,175
9048,CA,2020,153
9048,CA,2019,510
9048,CA,2018,510
9049,CA,2020,450
9049,CA,2019,405
9049,CA,2018,391
9241,CA,2020,398
9241,CA,2019,930
9241,CA,2018,840
9242,CA,2020,284
9242,CA,2019,744
9242,CA,2018,672
9521,CA,2018,286
9657,CA,2018,15
10142,CA,2020,1152
10142,CA,2019,861
10142,CA,2018,927
10995,CA,2018,63
11410,CA,2018,204
12493,CA,2018,231
12534,CA,2018,75
12725,CA,2020,401
12725,CA,2019,3114
12725,CA,2018,2263
16262,CA,2019,998
16262,CA,2018,819
16358,CA,2020,1202
16374,CA,2020,10
16374,CA,2019,1269
16374,CA,2018,334
16440,CA,2018,14
16496,CA,2020,90
16496,CA,2019,181
16496,CA,2018,180
16587,CA,2020,84
16587,CA,2019,180
16587,CA,2018,180
16588,CA,2020,65
16588,CA,2019,130
16588,CA,2018,130
16590,CA,2020,213
16590,CA,2019,503
16590,CA,2018,577
16591,CA,2020,212
16591,CA,2019,580
16591,CA,2018,575
16592,CA,2020,214
16592,CA,2019,576
16592,CA,2018,578
16610,CA,2020,2953
16610,CA,2019,270
16610,CA,2018,6305
16902,CA,2020,40
16902,CA,2019,999
16902,CA,2018,888
17019,CA,2019,14
17019,CA,2018,105
17670,CA,2020,71
17670,CA,2019,1077
17670,CA,2018,1098
17673,CA,2018,9
17707,CA,2020,131
17707,CA,2019,2006
17707,CA,2018,1315
17906,CA,2018,36
18183,CA,2019,93
18183,CA,2018,270
19550,CA,2020,312
19550,CA,2019,2662
19550,CA,2018,1723
19944,CA,2020,2004
19944,CA,2019,2593
19944,CA,2018,2807
20765,CA,2020,400
20765,CA,2019,1075
20765,CA,2018,1076
20956,CA,2020,60
20956,CA,2019,119
20956,CA,2018,120
20969,CA,2020,115
20969,CA,2019,249
20969,CA,2018,249
21017,CA,2020,913
21017,CA,2019,780
21017,CA,2018,1132
21131,CA,2020,330
21131,CA,2019,659
21131,CA,2018,720
21132,CA,2020,320
21132,CA,2019,420
21132,CA,2018,720
21133,CA,2020,343
21133,CA,2019,556
21133,CA,2018,743
21134,CA,2020,337
21134,CA,2019,388
21134,CA,2018,648
21140,CA,2020,273
21140,CA,2019,245
21140,CA,2018,588
21141,CA,2020,175
21141,CA,2019,161
21141,CA,2018,343
21142,CA,2020,350
21142,CA,2019,315
21142,CA,2018,672
21143,CA,2020,245
21143,CA,2019,245
21143,CA,2018,518
21144,CA,2020,245
21144,CA,2019,224
21144,CA,2018,497
21285,CA,2018,12
21371,CA,2019,24
21371,CA,2018,96
22149,CA,2019,45
22149,CA,2018,56
22408,CA,2020,6
22740,CA,2020,343
22740,CA,2019,2383
22740,CA,2018,2058
22858,CA,2020,1573
22858,CA,2019,1544
22858,CA,2018,1328
22906,CA,2020,426
22906,CA,2019,2093
22906,CA,2018,1494
23390,CA,2020,56
23390,CA,2019,28
23390,CA,2018,28
23452,CA,2018,81
23812,CA,2020,87
23812,CA,2019,482
23812,CA,2018,780
23838,CA,2018,352
23985,CA,2018,408
24998,CA,2018,226
25118,CA,2018,502
26104,CA,2019,43
26230,CA,2019,40
26230,CA,2018,176
26546,CA,2020,120
26546,CA,2019,75
26546,CA,2018,120
26955,CA,2018,10
27172,CA,2018,13
27407,CA,2020,1586
27407,CA,2019,1561
27407,CA,2018,1142
27544,CA,2019,97
27544,CA,2018,308
27847,CA,2018,100
28115,CA,2020,64
28115,CA,2019,280
28115,CA,2018,210
28636,CA,2018,95
28647,CA,2018,7
28680,CA,2018,16
28764,CA,2018,19
28835,CA,2018,20
28889,CA,2018,88
29064,CA,2018,22
29245,CA,2018,243
29251,CA,2018,55
29254,CA,2018,42
29281,CA,2018,37
29289,CA,2018,49
29293,CA,2018,73
29295,CA,2018,50
29296,CA,2018,64
29325,CA,2018,23
29333,CA,2018,98
29335,CA,2018,42
29342,CA,2018,83
29343,CA,2018,47
29344,CA,2018,54
29346,CA,2018,64
29358,CA,2018,63
29373,CA,2018,98
29375,CA,2018,50
29379,CA,2018,92
29382,CA,2018,22
29395,CA,2018,45
29405,CA,2018,42
29408,CA,2018,36
29412,CA,2018,65
29414,CA,2018,13
29415,CA,2018,116
29420,CA,2018,114
29426,CA,2018,19
29431,CA,2018,154
29432,CA,2018,89
29439,CA,2018,99
29441,CA,2018,48
29442,CA,2018,104
29443,CA,2018,52
29451,CA,2018,118
29456,CA,2018,52
29457,CA,2018,137
29460,CA,2018,98
29461,CA,2018,41
29462,CA,2018,52
29463,CA,2018,106
29465,CA,2018,51
29470,CA,2018,51
29471,CA,2018,153
29472,CA,2018,25
29475,CA,2018,50
29480,CA,2018,145
29482,CA,2018,81
29483,CA,2018,41
29489,CA,2018,52
29490,CA,2018,44
29491,CA,2018,62
29499,CA,2018,19
29510,CA,2018,45
29511,CA,2018,6
29523,CA,2018,38
29535,CA,2018,99
29536,CA,2018,128
29538,CA,2018,94
29542,CA,2018,89
29544,CA,2018,92
29548,CA,2018,62
29549,CA,2018,103
29550,CA,2018,20
29551,CA,2018,50
29552,CA,2018,104
29553,CA,2018,86
29558,CA,2018,74
29567,CA,2018,96
29570,CA,2018,83
29577,CA,2018,80
29581,CA,2018,123
29582,CA,2018,6
29583,CA,2018,57
29587,CA,2018,40
29588,CA,2018,86
29589,CA,2018,110
29591,CA,2018,22
29592,CA,2018,20
29594,CA,2018,99
29596,CA,2018,122
29598,CA,2018,87
29600,CA,2018,154
29601,CA,2018,96
29603,CA,2018,7
29604,CA,2018,90
29605,CA,2018,98
29608,CA,2018,96
29609,CA,2018,52
29610,CA,2018,93
29613,CA,2018,89
29614,CA,2018,153
29616,CA,2018,27
29617,CA,2018,55
29618,CA,2018,45
29619,CA,2018,42
29620,CA,2018,96
29622,CA,2018,44
29623,CA,2018,77
29624,CA,2018,105
29625,CA,2018,77
29626,CA,2018,51
29628,CA,2018,18
29629,CA,2018,44
29630,CA,2018,49
29631,CA,2018,20
29632,CA,2018,223
29633,CA,2018,5
29634,CA,2018,82
29635,CA,2018,24
29636,CA,2018,102
29637,CA,2018,5
29638,CA,2018,60
29639,CA,2018,88
29640,CA,2018,162
29641,CA,2018,46
29643,CA,2018,37
29644,CA,2018,93
29651,CA,2018,90
29662,CA,2018,38
29679,CA,2018,59
29681,CA,2018,88
29682,CA,2018,55
29684,CA,2018,55
29689,CA,2018,47
29691,CA,2018,44
29721,CA,2018,47
29729,CA,2018,27
29731,CA,2018,49
29737,CA,2018,49
29738,CA,2018,50
29748,CA,2018,53
29750,CA,2018,16
29751,CA,2018,390
29753,CA,2018,61
29754,CA,2018,228
29757,CA,2018,40
29758,CA,2018,98
29759,CA,2018,6
29760,CA,2018,105
29762,CA,2018,297
29763,CA,2018,74
29766,CA,2018,51
29767,CA,2018,58
29768,CA,2018,108
29769,CA,2018,53
29770,CA,2018,35
29772,CA,2018,80
29774,CA,2018,52
29775,CA,2018,60
29776,CA,2018,57
29779,CA,2018,41
29780,CA,2018,55
29781,CA,2018,59
29782,CA,2018,122
29783,CA,2018,24
29784,CA,2018,58
29786,CA,2018,45
29787,CA,2018,113
29788,CA,2018,149
29789,CA,2018,40
29790,CA,2018,39
29791,CA,2018,7
29792,CA,2018,53
29793,CA,2018,42
29794,CA,2018,57
29796,CA,2018,114
29799,CA,2018,49
29800,CA,2018,146
29804,CA,2018,51
29808,CA,2018,46
29812,CA,2018,89
29814,CA,2018,222
29823,CA,2018,7
29833,CA,2018,62
29866,CA,2018,21
29999,CA,2018,45
30047,CA,2018,7
30109,CA,2018,21
30136,CA,2018,10
30195,CA,2018,7
30209,CA,2018,11
30212,CA,2018,18
30213,CA,2018,11
30216,CA,2018,7
30217,CA,2018,7
30218,CA,2018,7
30243,CA,2018,209
30264,CA,2018,46
30307,CA,2018,37
30322,CA,2018,153
30323,CA,2018,22
30332,CA,2018,37
30346,CA,2018,100
30347,CA,2018,108
30359,CA,2018,127
30361,CA,2018,4
30362,CA,2019,654
30362,CA,2018,647
30363,CA,2018,112
30452,CA,2018,271
30477,CA,2018,458
30577,CA,2018,94
30579,CA,2018,19
30593,CA,2018,32
30602,CA,2018,24
30616,CA,2018,25
30689,CA,2018,37
30691,CA,2018,7
30695,CA,2018,245
30697,CA,2018,31
30699,CA,2018,33
30709,CA,2018,28
30718,CA,2018,120
30721,CA,2018,34
30728,CA,2018,7
30752,CA,2018,3
30761,CA,2018,55
30763,CA,2018,11
30772,CA,2018,48
30773,CA,2018,52
30796,CA,2018,52
30799,CA,2018,42
30804,CA,2018,6
30806,CA,2018,12
30813,CA,2018,47
30824,CA,2018,51
30825,CA,2018,53
30826,CA,2018,47
30839,CA,2018,42
30845,CA,2018,112
30847,CA,2018,6
30850,CA,2018,6
30884,CA,2018,8
30885,CA,2018,9
30886,CA,2018,8
30887,CA,2018,5
30888,CA,2018,6
30941,CA,2018,28
31114,CA,2020,228
31590,CA,2019,64
31604,CA,2019,7
31702,CA,2019,170
31703,CA,2020,80
31703,CA,2019,133
31704,CA,2020,8
31704,CA,2019,22
31705,CA,2019,180
31706,CA,2019,290
31964,CA,2020,1313
31964,CA,2019,1115
31975,CA,2019,5
32337,CA,2019,7
32368,CA,2019,246
32391,CA,2019,281
32666,CA,2019,205
32879,CA,2019,224
32921,CA,2019,100
32966,CA,2019,22
33140,CA,2019,32
33148,CA,2019,43
33151,CA,2019,99
33161,CA,2019,156
33180,CA,2019,217
33187,CA,2019,42
33191,CA,2019,200
33200,CA,2019,133
33201,CA,2019,70
33223,CA,2019,86
33227,CA,2019,197
33228,CA,2019,80
33230,CA,2019,96
33232,CA,2019,155
33233,CA,2019,73
33235,CA,2019,90
33237,CA,2019,72
33238,CA,2019,89
33241,CA,2019,80
33242,CA,2019,42
33243,CA,2019,106
33244,CA,2019,104
33245,CA,2019,110
33246,CA,2019,74
33247,CA,2019,90
33248,CA,2019,103
33249,CA,2019,101
33252,CA,2019,88
33253,CA,2019,81
33254,CA,2019,102
33255,CA,2019,29
33263,CA,2019,179
33264,CA,2019,85
33265,CA,2019,96
33266,CA,2019,103
33307,CA,2019,104
33308,CA,2019,78
33309,CA,2019,78
33312,CA,2019,15
33316,CA,2019,96
33318,CA,2019,74
33321,CA,2019,73
33322,CA,2019,82
33323,CA,2019,18
33324,CA,2019,35
33325,CA,2019,174
33382,CA,2020,290
33382,CA,2019,2005
33519,CA,2019,17
33521,CA,2019,18
33598,CA,2019,332
33633,CA,2019,91
33634,CA,2019,14
33643,CA,2019,14
33644,CA,2019,15
33663,CA,2019,269
33704,CA,2019,28
33807,CA,2019,12
33809,CA,2019,25
33818,CA,2019,42
33823,CA,2019,50
33828,CA,2019,77
33978,CA,2019,71
33998,CA,2019,25
34007,CA,2019,99
34018,CA,2019,102
34063,CA,2019,48
34089,CA,2019,208
34090,CA,2019,86
34128,CA,2019,6
34129,CA,2019,45
34133,CA,2019,10
34139,CA,2019,154
34146,CA,2019,99
34300,CA,2019,23
34304,CA,2019,34
34313,CA,2019,59
34314,CA,2019,31
34350,CA,2019,32
34559,CA,2019,182
34667,CA,2020,20
35077,CA,2020,1015
35163,CA,2020,301
35238,CA,2020,109
35908,CA,2019,5070
35908,CA,2018,5308
35909,CA,2019,273
35910,CA,2019,2730
35910,CA,2018,1469
35911,CA,2019,294
36096,CA,2020,84
36098,CA,2020,1174
36121,CA,2020,16
36139,CA,2020,561
36150,CA,2020,243
36393,CA,2020,158
36541,CA,2020,24
36742,CA,2020,33
36871,CA,2020,1794
36930,CA,2020,12
37104,CA,2020,31
37415,CA,2020,7
37549,CA,2020,10
37588,CA,2020,32
37877,CA,2020,87
38054,CA,2020,413
38055,CA,2020,22
38312,CA,2020,49
38345,CA,2020,38
38361,CA,2020,47
38496,CA,2020,32
38589,CA,2020,15
38840,CA,2020,6
39298,CA,2020,80
63,CO,2019,40
63,CO,2018,154
261,CO,2019,442
261,CO,2018,1038
263,CO,2020,224
263,CO,2019,18
2533,CO,2019,26
2803,CO,2020,8599
2803,CO,2019,7907
2803,CO,2018,7919
5364,CO,2020,5
6563,CO,2020,210
6563,CO,2019,176
6563,CO,2018,265
8309,CO,2018,1579
9927,CO,2020,1515
9927,CO,2019,1090
9927,CO,2018,458
10143,CO,2020,2281
10143,CO,2019,1917
10143,CO,2018,2185
12708,CO,2018,10
14887,CO,2020,20
14887,CO,2019,19
14887,CO,2018,35
19185,CO,2019,131
19943,CO,2020,1197
19943,CO,2019,9529
19943,CO,2018,13135
20305,CO,2020,783
20305,CO,2018,173
21024,CO,2020,981
21024,CO,2019,5077
21024,CO,2018,4305
21468,CO,2020,1232
21468,CO,2019,6623
21468,CO,2018,9606
21470,CO,2019,3670
21470,CO,2018,4693
21471,CO,2020,1313
21471,CO,2019,5073
21471,CO,2018,12661
22743,CO,2020,206
22743,CO,2019,54
22743,CO,2018,97
24799,CO,2020,127
25483,CO,2020,45
25483,CO,2019,9
25483,CO,2018,5
26649,CO,2018,27
27478,CO,2019,303
27478,CO,2018,90
27875,CO,2020,95
27875,CO,2019,46
27875,CO,2018,107
28819,CO,2018,294
28836,CO,2018,49
28855,CO,2018,22
28859,CO,2018,427
28867,CO,2018,357
28868,CO,2018,762
28890,CO,2018,213
28891,CO,2018,120
28895,CO,2018,42
28902,CO,2018,224
28903,CO,2018,744
28904,CO,2018,198
28936,CO,2018,218
28953,CO,2018,141
29241,CO,2020,1
29455,CO,2018,103
29529,CO,2018,598
29559,CO,2020,6
29849,CO,2018,272
29887,CO,2020,485
29887,CO,2019,309
29887,CO,2018,308
29966,CO,2018,96
30039,CO,2020,5
30089,CO,2018,24
30118,CO,2018,5
30355,CO,2018,10
30553,CO,2018,25
30666,CO,2019,55
30666,CO,2018,22
31312,CO,2020,7
31312,CO,2019,42
32633,CO,2019,54
32658,CO,2019,220
32680,CO,2019,13
32690,CO,2019,326
32693,CO,2019,186
32694,CO,2019,736
32724,CO,2019,542
32752,CO,2019,304
32752,CO,2018,6
32770,CO,2019,24
32797,CO,2019,302
32812,CO,2019,81
32818,CO,2019,140
32836,CO,2019,621
32838,CO,2019,269
32840,CO,2019,637
32842,CO,2019,128
32843,CO,2019,432
32844,CO,2019,171
32916,CO,2019,70
32962,CO,2019,6
33059,CO,2019,64
33061,CO,2019,5
33438,CO,2019,376
33442,CO,2019,88
33455,CO,2019,16
33505,CO,2019,16
33707,CO,2019,193
34044,CO,2019,5
34160,CO,2019,24
34763,CO,2019,1
34781,CO,2020,11
35147,CO,2020,460
35863,CO,2019,2988
35863,CO,2018,3506
35864,CO,2019,162
35890,CO,2019,2700
35890,CO,2018,1889
35891,CO,2019,243
35891,CO,2018,186
35902,CO,2019,15
35902,CO,2018,30
35903,CO,2019,108
35903,CO,2018,72
36265,CO,2020,544
36394,CO,2020,6
36445,CO,2020,104
36623,CO,2020,51
36638,CO,2020,16
36661,CO,2020,12
37662,CO,2020,19
37930,CO,2020,11
38089,CO,2020,252
38183,CO,2020,73
38316,CO,2020,42
38575,CO,2020,9
39072,CO,2020,10
771,CT,2018,11
850,CT,2018,12
2540,CT,2019,297
2540,CT,2018,327
8207,CT,2019,187
8207,CT,2018,165
8208,CT,2019,293
8208,CT,2018,324
8209,CT,2019,187
8209,CT,2018,185
8210,CT,2019,102
8210,CT,2018,134
22151,CT,2018,330
27149,CT,2018,63
28824,CT,2018,84
32855,CT,2019,18
33314,CT,2019,7
34088,CT,2019,20
34243,CT,2019,7
36101,CT,2020,170
37007,CT,2020,22
37862,CT,2020,176
37864,CT,2020,130
38296,CT,2020,56
6209,DC,2018,5
9511,DC,2018,2
24793,DC,2020,140
24793,DC,2019,100
24793,DC,2018,138
29913,DC,2020,120
29913,DC,2019,2712
29913,DC,2018,968
29915,DC,2020,55
29915,DC,2019,132
29915,DC,2018,153
29916,DC,2020,361
29916,DC,2019,1771
29916,DC,2018,881
29917,DC,2020,79
29917,DC,2019,130
29917,DC,2018,190
30755,DC,2019,12
31254,DC,2020,30
31254,DC,2019,10
31255,DC,2020,10
31255,DC,2019,10
31256,DC,2020,44
31256,DC,2019,11
31257,DC,2020,7
31257,DC,2019,7
31258,DC,2020,20
31258,DC,2019,10
31259,DC,2020,11
31259,DC,2019,11
31260,DC,2020,11
31260,DC,2019,11
31261,DC,2020,20
31261,DC,2019,10
31262,DC,2019,10
34068,DC,2020,451
34068,DC,2019,138
35961,DC,2020,66
38057,DC,2020,40
39172,DC,2020,1
28549,DE,2019,474
28549,DE,2018,70
30736,DE,2018,6
35648,DE,2020,1317
37375,DE,2020,23
5758,FL,2020,1274
5758,FL,2019,4867
5758,FL,2018,1176
9506,FL,2020,66
9506,FL,2018,240
16295,FL,2020,4549
16295,FL,2019,2943
16295,FL,2018,4738
24181,FL,2019,46
24181,FL,2018,483
28095,FL,2019,267
28095,FL,2018,225
28527,FL,2018,10
28618,FL,2018,239
28763,FL,2019,324
28763,FL,2018,236
28773,FL,2019,63
28773,FL,2018,21
28840,FL,2019,11
28840,FL,2018,33
28883,FL,2020,48
28883,FL,2019,652
28883,FL,2018,1450
28884,FL,2019,216
28884,FL,2018,425
28885,FL,2019,28
28941,FL,2018,159
30468,FL,2018,2
30473,FL,2018,11
30480,FL,2018,29
30665,FL,2019,11
30665,FL,2018,11
33174,FL,2019,10
33175,FL,2019,34
33194,FL,2019,210
33195,FL,2019,330
33196,FL,2019,599
33791,FL,2019,48
35870,FL,2019,3499
35870,FL,2018,3500
35900,FL,2019,2513
35900,FL,2018,4675
36503,FL,2020,1
36839,FL,2020,42
38122,FL,2020,2
38758,FL,2020,27
38837,FL,2020,8
10150,GA,2020,40
10150,GA,2018,60
11644,GA,2019,30
11644,GA,2018,30
16539,GA,2020,6
17048,GA,2019,150
17243,GA,2020,10
17468,GA,2018,400
19902,GA,2019,109
19902,GA,2018,9
20295,GA,2019,10
20295,GA,2018,4
20364,GA,2019,14
20364,GA,2018,21
25524,GA,2019,288
26144,GA,2019,89
29351,GA,2018,64
30343,GA,2019,14
30343,GA,2018,28
30552,GA,2018,21
33495,GA,2020,73
33495,GA,2019,235
33803,GA,2019,9
35716,GA,2020,7038
35878,GA,2019,4319
35878,GA,2018,4676
36535,GA,2020,7
38499,GA,2020,6
35874,GuÃ¡nica,2019,5070
35874,GuÃ¡nica,2018,5051
37996,HE,2020,11
22303,HI,2019,56
29685,HI,2018,6
33597,HI,2019,21
33679,HI,2019,6
35901,HI,2019,2520
754,IA,2018,20
22979,IA,2020,868
22979,IA,2019,866
22979,IA,2018,1112
22981,IA,2020,738
22981,IA,2019,600
22981,IA,2018,926
25661,IA,2020,561
25661,IA,2019,1030
25661,IA,2018,104
28887,IA,2020,796
29974,IA,2018,13
29989,IA,2018,36
30132,IA,2018,16
30272,IA,2018,38
31266,IA,2019,6
33012,IA,2020,1463
33012,IA,2019,849
33271,IA,2019,5
33886,IA,2019,10
33942,IA,2019,16
33987,IA,2019,62
33988,IA,2019,6
34201,IA,2019,14
38076,IA,2020,460
5160,ID,2018,20
22329,ID,2018,5
26059,ID,2018,55
26090,ID,2018,231
26091,ID,2018,143
26092,ID,2018,165
26093,ID,2018,112
26094,ID,2018,104
26095,ID,2018,176
26096,ID,2018,187
26097,ID,2018,136
26098,ID,2018,121
26099,ID,2018,72
30613,ID,2018,24
33015,ID,2019,35
33279,ID,2019,2042
36826,ID,2020,17
38491,ID,2020,2
73,IL,2019,20
347,IL,2018,43
1191,IL,2019,17
1191,IL,2018,5
1419,IL,2020,1065
1419,IL,2019,558
1419,IL,2018,705
9719,IL,2018,15
11739,IL,2020,84
11739,IL,2019,282
11739,IL,2018,223
22259,IL,2020,80
22259,IL,2019,743
22259,IL,2018,1868
23558,IL,2020,231
23558,IL,2019,297
23713,IL,2019,41
25182,IL,2020,80
25182,IL,2019,2029
25182,IL,2018,2806
25183,IL,2019,1263
25183,IL,2018,1524
25188,IL,2019,309
25188,IL,2018,1313
25193,IL,2019,1590
25193,IL,2018,1583
25194,IL,2018,744
25196,IL,2018,532
25426,IL,2018,35
25427,IL,2018,989
25428,IL,2019,906
25428,IL,2018,1812
25430,IL,2018,2889
25431,IL,2019,115
25431,IL,2018,2068
25432,IL,2018,1849
25433,IL,2018,2615
25434,IL,2020,549
25434,IL,2019,1142
25434,IL,2018,1948
25488,IL,2020,584
25865,IL,2018,5
26202,IL,2020,143
26202,IL,2019,2816
26202,IL,2018,3028
26363,IL,2020,143
26363,IL,2018,119
26765,IL,2019,153
26765,IL,2018,111
26941,IL,2018,337
27683,IL,2020,12
27683,IL,2019,167
27683,IL,2018,292
28500,IL,2018,14
28705,IL,2018,65
28777,IL,2018,40
28779,IL,2018,28
28780,IL,2018,8
28781,IL,2018,70
28817,IL,2018,60
28820,IL,2018,28
28822,IL,2018,40
28942,IL,2018,28
29237,IL,2018,99
29266,IL,2018,77
29278,IL,2018,40
29294,IL,2018,39
29330,IL,2018,139
29621,IL,2018,24
29670,IL,2018,11
29690,IL,2018,50
29734,IL,2018,80
29747,IL,2018,44
29802,IL,2018,43
29807,IL,2018,32
29834,IL,2018,81
29843,IL,2018,100
29998,IL,2018,16
30030,IL,2018,34
30057,IL,2018,140
30066,IL,2018,20
30099,IL,2018,70
30110,IL,2018,308
30111,IL,2018,100
30117,IL,2018,64
30137,IL,2018,12
30144,IL,2018,217
30146,IL,2018,344
30166,IL,2018,287
30174,IL,2018,110
30175,IL,2018,215
30179,IL,2018,280
30180,IL,2018,294
30183,IL,2018,121
30194,IL,2018,77
30200,IL,2018,147
30204,IL,2018,53
30210,IL,2018,10
30224,IL,2018,5
30239,IL,2018,28
30246,IL,2018,210
30247,IL,2018,133
30248,IL,2018,77
30249,IL,2018,49
30251,IL,2018,16
30252,IL,2018,32
30255,IL,2018,59
30257,IL,2018,60
30261,IL,2018,18
30328,IL,2018,315
30366,IL,2018,10
30369,IL,2018,11
30370,IL,2018,11
30394,IL,2018,22
30428,IL,2018,63
30443,IL,2018,78
30449,IL,2018,33
30453,IL,2018,33
30469,IL,2018,66
30479,IL,2018,40
30487,IL,2018,64
30597,IL,2020,12
30714,IL,2018,215
30768,IL,2018,259
30883,IL,2018,336
30970,IL,2020,708
30970,IL,2019,239
31825,IL,2020,101
31825,IL,2019,120
33062,IL,2019,133
33649,IL,2019,59
33650,IL,2019,43
33653,IL,2019,334
33657,IL,2019,483
33659,IL,2019,709
33742,IL,2019,28
33743,IL,2019,64
33800,IL,2019,86
33833,IL,2019,6
34064,IL,2019,7
34156,IL,2019,44
34198,IL,2019,2
34232,IL,2019,33
34248,IL,2019,33
36040,IL,2020,25
36056,IL,2020,44
36849,IL,2020,118
36922,IL,2020,10
37392,IL,2020,11
37515,IL,2020,600
37550,IL,2020,210
37735,IL,2020,135
37828,IL,2020,180
37845,IL,2020,391
37922,IL,2020,154
38001,IL,2020,25
38084,IL,2020,77
38131,IL,2020,22
38135,IL,2020,132
38186,IL,2020,44
38188,IL,2020,744
38189,IL,2020,193
38311,IL,2020,145
38327,IL,2020,132
38394,IL,2020,38
38409,IL,2020,10
38414,IL,2020,43
38516,IL,2020,139
38591,IL,2020,25
38596,IL,2020,29
38618,IL,2020,36
38620,IL,2020,90
38625,IL,2020,15
38629,IL,2020,81
38636,IL,2020,33
38639,IL,2020,30
38649,IL,2020,66
38649,IL,2019,6529
38651,IL,2020,21
38652,IL,2020,176
38663,IL,2020,88
38669,IL,2020,972
38677,IL,2020,41
38685,IL,2020,59
38702,IL,2020,11
38705,IL,2020,7
38706,IL,2020,24
38710,IL,2020,281
38718,IL,2020,18
38726,IL,2020,3042
38740,IL,2020,339
38741,IL,2020,98
38766,IL,2020,21
38802,IL,2020,117
38928,IL,2020,151
10542,IN,2019,11
10542,IN,2018,43
10779,IN,2020,61
21812,IN,2020,882
23309,IN,2020,80
25972,IN,2019,1421
25972,IN,2018,223
25992,IN,2020,1652
25992,IN,2019,1110
25992,IN,2018,2741
26797,IN,2020,9
27138,IN,2018,149
28633,IN,2018,719
28732,IN,2018,210
28733,IN,2018,5
28774,IN,2018,1805
28775,IN,2018,635
28776,IN,2018,70
28940,IN,2018,41
28962,IN,2018,5
28964,IN,2018,7
29014,IN,2018,100
29023,IN,2018,21
29027,IN,2018,14
29136,IN,2018,38
29137,IN,2018,10
29138,IN,2018,16
29151,IN,2020,475
29151,IN,2018,10922
29152,IN,2018,1036
29153,IN,2018,177
29207,IN,2018,14
29525,IN,2018,10
29565,IN,2018,730
29566,IN,2018,580
29569,IN,2018,5
29576,IN,2018,111
29686,IN,2018,63
29851,IN,2018,40
29951,IN,2018,176
30435,IN,2018,130
30466,IN,2020,424
30466,IN,2019,187
30466,IN,2018,238
31512,IN,2020,87
31512,IN,2019,278
31699,IN,2020,1264
31699,IN,2019,1683
32360,IN,2020,407
32360,IN,2019,518
32388,IN,2020,772
32388,IN,2019,403
32443,IN,2020,5443
32443,IN,2019,808
32465,IN,2019,49
32607,IN,2020,577
32607,IN,2019,633
32607,IN,2018,554
32872,IN,2019,251
32877,IN,2020,481
32877,IN,2019,533
32892,IN,2019,55
32898,IN,2019,112
33126,IN,2019,6
33388,IN,2019,460
33482,IN,2019,262
33965,IN,2019,19
34665,IN,2020,1142
35126,IN,2020,1514
35162,IN,2020,642
35274,IN,2020,1285
36425,IN,2020,28
36532,IN,2020,1439
37694,IN,2020,969
37775,IN,2020,634
37779,IN,2020,1314
38182,IN,2020,10
38196,IN,2020,232
38315,IN,2020,86
38501,IN,2020,924
38506,IN,2020,1661
38508,IN,2020,624
38570,IN,2020,1204
38613,IN,2020,65
38653,IN,2020,44
38727,IN,2020,9
38803,IN,2020,17
38962,IN,2020,2
38963,IN,2020,322
38977,IN,2020,21
38999,IN,2020,110
39018,IN,2020,26
39021,IN,2020,43
33317,Jiangsu,2019,80
101,KS,2020,65
101,KS,2019,55
101,KS,2018,99
11154,KS,2019,104
11155,KS,2020,104
11155,KS,2018,520
16815,KS,2019,42
18552,KS,2020,652
20080,KS,2020,464
20080,KS,2019,879
20080,KS,2018,1622
25928,KS,2018,7
25930,KS,2018,109
25933,KS,2018,169
26248,KS,2018,10
26526,KS,2018,35
26627,KS,2018,60
26642,KS,2018,118
28606,KS,2018,4
29446,KS,2018,7
29743,KS,2018,102
29764,KS,2018,26
30121,KS,2018,22
30215,KS,2018,7
30219,KS,2018,7
30230,KS,2020,1226
30230,KS,2019,1700
30230,KS,2018,308
30254,KS,2018,18
30668,KS,2018,16
31120,KS,2019,640
31489,KS,2019,16
33054,KS,2019,327
33178,KS,2019,11
33229,KS,2019,146
33375,KS,2019,92
33416,KS,2019,10
33457,KS,2019,60
33491,KS,2019,75
34070,KS,2019,49
34211,KS,2019,11
35882,KS,2019,5130
35882,KS,2018,4048
35883,KS,2019,513
35883,KS,2018,404
35922,KS,2019,9720
35922,KS,2018,10791
35923,KS,2019,972
35923,KS,2018,1078
36928,KS,2020,30
37692,KS,2020,350
37768,KS,2020,22
37785,KS,2020,44
37799,KS,2020,11
37803,KS,2020,40
37932,KS,2020,40
1579,KY,2020,271
1579,KY,2019,340
1579,KY,2018,272
1580,KY,2020,304
1580,KY,2019,380
1580,KY,2018,303
5334,KY,2018,4
16682,KY,2020,292
16682,KY,2018,5
18867,KY,2018,936
19691,KY,2019,51
22589,KY,2020,536
22589,KY,2019,263
24563,KY,2018,15
25297,KY,2018,380
26287,KY,2018,30
27950,KY,2018,11
29032,KY,2018,32
29051,KY,2018,10
29057,KY,2018,33
29099,KY,2018,11
29123,KY,2018,22
29134,KY,2018,1
29145,KY,2018,8
29876,KY,2018,26
29987,KY,2018,2
30005,KY,2018,7
30065,KY,2018,5
30515,KY,2018,39
30587,KY,2018,32
33717,KY,2019,10
36473,KY,2020,346
36676,KY,2020,393
36680,KY,2020,66
36681,KY,2020,88
36686,KY,2020,126
36690,KY,2020,176
36693,KY,2020,219
36695,KY,2020,340
36699,KY,2020,70
36763,KY,2020,259
36777,KY,2020,102
37316,KY,2020,22
37624,KY,2020,210
37822,KY,2020,22
38597,KY,2020,11
38794,KY,2020,84
38800,KY,2020,86
22316,LA,2020,15
22467,LA,2019,40
25151,LA,2020,979
25151,LA,2019,1331
25151,LA,2018,704
25168,LA,2020,303
25168,LA,2019,540
25168,LA,2018,57
25506,LA,2020,844
25506,LA,2019,1139
25506,LA,2018,142
25901,LA,2020,1098
25901,LA,2019,3860
25901,LA,2018,2569
27474,LA,2020,1012
27474,LA,2019,279
27474,LA,2018,780
27475,LA,2020,979
27475,LA,2019,374
27475,LA,2018,661
27476,LA,2020,914
27476,LA,2019,883
27476,LA,2018,1042
27477,LA,2020,593
27477,LA,2019,1065
27477,LA,2018,2350
28969,LA,2020,149
28969,LA,2018,457
28988,LA,2018,244
29593,LA,2018,111
30383,LA,2018,41
30648,LA,2020,625
30648,LA,2019,407
30648,LA,2018,41
32655,LA,2020,1182
32655,LA,2019,276
32944,LA,2019,497
33401,LA,2020,3367
34307,LA,2019,58
37410,LA,2020,458
37513,LA,2020,20
37514,LA,2020,49
37521,LA,2020,526
37522,LA,2020,10
37524,LA,2020,5
38557,LA,2020,121
38799,LA,2020,21
35884,Lajas,2019,3809
35884,Lajas,2018,3802
1327,MA,2020,676
1327,MA,2019,676
1327,MA,2018,624
2222,MA,2020,390
2222,MA,2019,440
2222,MA,2018,390
2461,MA,2019,87
2461,MA,2018,12
5260,MA,2020,591
5260,MA,2019,608
5260,MA,2018,414
5261,MA,2020,1533
5261,MA,2019,625
5261,MA,2018,465
5262,MA,2020,1793
5262,MA,2019,704
5262,MA,2018,544
6481,MA,2020,1725
6481,MA,2019,818
6481,MA,2018,553
6581,MA,2020,254
6581,MA,2019,107
8593,MA,2020,10
8593,MA,2019,8
8593,MA,2018,10
8923,MA,2020,422
8923,MA,2019,218
8923,MA,2018,4908
16433,MA,2018,4
18483,MA,2018,198
18940,MA,2019,33
18942,MA,2019,11
18942,MA,2018,264
18943,MA,2019,374
18943,MA,2018,175
18944,MA,2019,895
19650,MA,2020,1404
19650,MA,2019,1363
19650,MA,2018,1756
19651,MA,2020,897
19651,MA,2019,984
19651,MA,2018,1218
19652,MA,2020,680
19652,MA,2019,1008
19652,MA,2018,1259
19653,MA,2020,781
19653,MA,2019,1112
19653,MA,2018,1248
19654,MA,2020,805
19654,MA,2019,1151
19654,MA,2018,1477
20120,MA,2020,44
20120,MA,2019,11450
20120,MA,2018,1587
20206,MA,2020,4645
20206,MA,2019,7604
20206,MA,2018,6512
20223,MA,2020,5834
20223,MA,2019,2965
20223,MA,2018,8193
20229,MA,2020,2137
20229,MA,2019,1764
20229,MA,2018,3349
20238,MA,2020,674
20238,MA,2019,618
20238,MA,2018,1144
20240,MA,2020,6094
20240,MA,2019,5561
20240,MA,2018,4363
20343,MA,2020,392
20343,MA,2019,2230
20343,MA,2018,4448
20638,MA,2020,184
20638,MA,2019,69
20638,MA,2018,77
20639,MA,2018,7
20641,MA,2020,420
20641,MA,2019,203
20641,MA,2018,287
20905,MA,2020,1008
20905,MA,2019,1326
20905,MA,2018,1551
20906,MA,2020,1109
20906,MA,2019,1580
20906,MA,2018,1827
20907,MA,2020,416
20907,MA,2019,595
20907,MA,2018,630
20963,MA,2020,1
21168,MA,2020,101
21168,MA,2019,26
21168,MA,2018,83
21169,MA,2020,172
21169,MA,2019,155
21169,MA,2018,103
21173,MA,2020,35
21173,MA,2018,14
21276,MA,2020,3289
21276,MA,2019,5776
21276,MA,2018,1294
21407,MA,2019,40
21407,MA,2018,437
22557,MA,2018,9
22560,MA,2019,38
22560,MA,2018,14
22561,MA,2019,7
22561,MA,2018,48
22580,MA,2020,1924
22580,MA,2019,2682
22580,MA,2018,282
22584,MA,2020,7938
22584,MA,2019,9348
22584,MA,2018,13020
22721,MA,2020,190
22721,MA,2018,66
22955,MA,2018,870
25025,MA,2020,512
25025,MA,2019,500
25025,MA,2018,270
25424,MA,2020,4530
25424,MA,2019,123
25424,MA,2018,361
25915,MA,2020,56
25915,MA,2019,154
25915,MA,2018,209
26219,MA,2019,12
26219,MA,2018,35
27688,MA,2019,198
27688,MA,2018,187
28517,MA,2018,116
28853,MA,2020,8059
28853,MA,2019,7330
28853,MA,2018,2389
28854,MA,2020,23
28854,MA,2019,226
28854,MA,2018,1745
29319,MA,2018,363
29438,MA,2018,51
29445,MA,2018,11
29919,MA,2018,1
30073,MA,2018,21
30222,MA,2018,23
30701,MA,2020,5551
30701,MA,2019,6248
30725,MA,2020,5883
30725,MA,2019,1308
30835,MA,2020,801
30835,MA,2019,468
30978,MA,2019,177
30979,MA,2020,1475
30979,MA,2019,718
31139,MA,2020,904
31139,MA,2019,517
31287,MA,2020,345
31289,MA,2020,1300
31289,MA,2019,405
31649,MA,2019,482
31746,MA,2019,55
31747,MA,2019,24
31748,MA,2019,17
31767,MA,2019,4
31789,MA,2019,5
31790,MA,2019,33
31792,MA,2019,11
31793,MA,2019,2
31794,MA,2019,9
31795,MA,2019,55
31922,MA,2019,55
32416,MA,2020,2937
32416,MA,2019,801
32417,MA,2020,2597
32417,MA,2019,595
32813,MA,2020,806
32813,MA,2019,1795
32907,MA,2020,218
32907,MA,2019,1394
33066,MA,2019,90
33462,MA,2019,70
33574,MA,2019,60
33622,MA,2020,10472
33622,MA,2019,7867
33718,MA,2020,12
33718,MA,2019,6
33808,MA,2019,60
33914,MA,2019,60
33935,MA,2019,450
34002,MA,2019,20
34010,MA,2019,7
34013,MA,2020,242
34013,MA,2019,21
34026,MA,2019,5
34076,MA,2019,5
34851,MA,2020,187
35134,MA,2020,234
35721,MA,2020,406
35722,MA,2020,459
35875,MA,2019,8530
35875,MA,2018,7160
35876,MA,2019,648
36262,MA,2020,6657
36339,MA,2020,78
36374,MA,2020,17
36417,MA,2020,437
37533,MA,2020,1
37571,MA,2020,30
37587,MA,2020,5068
37762,MA,2020,7
37843,MA,2020,20
37952,MA,2020,53
37986,MA,2020,209
38000,MA,2020,132
38033,MA,2020,100
38063,MA,2020,2636
38068,MA,2020,313
38147,MA,2020,261
38156,MA,2020,151
38162,MA,2020,24
38310,MA,2020,57
38323,MA,2020,7
38755,MA,2020,68
38956,MA,2020,51
38986,MA,2020,14
39008,MA,2020,95
39009,MA,2020,98
39013,MA,2020,50
39014,MA,2020,112
39024,MA,2020,118
39049,MA,2020,10
39061,MA,2020,118
39076,MA,2020,48
39114,MA,2020,34
418,MD,2020,110
418,MD,2019,240
418,MD,2018,339
1185,MD,2019,3
1255,MD,2020,438
1255,MD,2019,216
1255,MD,2018,312
8446,MD,2020,30
8446,MD,2019,53
9067,MD,2018,1417
9986,MD,2019,7
9988,MD,2020,210
9988,MD,2019,734
9988,MD,2018,350
17798,MD,2018,40
19619,MD,2018,5
20095,MD,2020,16
20095,MD,2019,324
20095,MD,2018,146
20474,MD,2019,81
20474,MD,2018,98
20988,MD,2019,21
20988,MD,2018,63
20992,MD,2019,21
20992,MD,2018,56
21029,MD,2018,8
21218,MD,2018,13
22592,MD,2019,14
22688,MD,2019,19
22688,MD,2018,84
22859,MD,2019,105
22859,MD,2018,139
22862,MD,2019,32
22862,MD,2018,49
23016,MD,2020,105
23016,MD,2019,1800
23016,MD,2018,51
24570,MD,2018,210
25316,MD,2019,27
25316,MD,2018,28
25536,MD,2018,345
25965,MD,2019,395
28643,MD,2018,80
28650,MD,2018,88
28751,MD,2018,87
28752,MD,2018,315
28786,MD,2018,70
28788,MD,2018,216
28790,MD,2018,231
28791,MD,2018,125
28793,MD,2018,688
28794,MD,2018,210
28796,MD,2018,229
28797,MD,2018,248
28915,MD,2018,283
28916,MD,2018,64
28917,MD,2018,74
28918,MD,2018,278
28919,MD,2018,77
28920,MD,2018,51
28921,MD,2018,16
28923,MD,2018,148
28924,MD,2018,1008
28928,MD,2018,232
28932,MD,2018,88
28933,MD,2018,300
28934,MD,2018,237
28935,MD,2018,79
28950,MD,2018,88
28954,MD,2018,40
28984,MD,2018,77
29012,MD,2019,174
29012,MD,2018,120
29229,MD,2018,126
29398,MD,2020,64
29398,MD,2019,86
29402,MD,2019,118
29402,MD,2018,199
29918,MD,2018,20
30053,MD,2019,258
30053,MD,2018,183
30054,MD,2019,90
30054,MD,2018,50
30072,MD,2018,186
30080,MD,2019,558
30080,MD,2018,450
30081,MD,2019,84
30081,MD,2018,98
30082,MD,2018,37
30083,MD,2019,96
30083,MD,2018,112
30084,MD,2019,96
30084,MD,2018,112
30085,MD,2019,96
30085,MD,2018,112
30617,MD,2018,60
30623,MD,2018,45
32985,MD,2020,499
32985,MD,2019,590
33103,MD,2020,2
33103,MD,2019,14
33506,MD,2019,187
34085,MD,2019,32
34834,MD,2020,208
35906,MD,2019,11340
35906,MD,2018,10250
35907,MD,2019,756
36119,MD,2020,171
36436,MD,2020,605
36439,MD,2020,86
36540,MD,2020,11388
36806,MD,2020,6
37094,MD,2020,343
37381,MD,2020,3
37394,MD,2020,46
37613,MD,2020,29
37638,MD,2020,9
37649,MD,2020,402
37675,MD,2020,152
37754,MD,2020,130
37754,MD,2019,10
37961,MD,2020,48
37970,MD,2020,155
37980,MD,2020,55
38047,MD,2020,17
38383,MD,2020,2
38440,MD,2020,11
38488,MD,2020,1
38489,MD,2020,148
2,ME,2020,5171
2,ME,2019,3967
2,ME,2018,3772
5523,ME,2020,748
5523,ME,2019,1275
5523,ME,2018,1236
5536,ME,2018,33
5566,ME,2020,112
5572,ME,2020,448
5582,ME,2020,1146
5582,ME,2019,805
5582,ME,2018,920
5583,ME,2020,1087
5583,ME,2019,770
5583,ME,2018,840
5614,ME,2020,514
5663,ME,2018,265
5674,ME,2020,1566
5674,ME,2019,1443
5674,ME,2018,1619
6242,ME,2020,267
6242,ME,2019,1763
6242,ME,2018,2867
6504,ME,2018,78
8538,ME,2018,44
8715,ME,2020,395
8715,ME,2019,474
8715,ME,2018,444
9993,ME,2020,100
9993,ME,2019,284
9993,ME,2018,464
10241,ME,2020,100
10241,ME,2019,394
10241,ME,2018,234
10462,ME,2018,3
10934,ME,2020,1957
10934,ME,2019,1472
10934,ME,2018,664
11032,ME,2019,5
11032,ME,2018,5
11308,ME,2020,304
11308,ME,2019,132
11308,ME,2018,500
17567,ME,2018,30
17590,ME,2019,10
17721,ME,2018,9
17794,ME,2020,33
17794,ME,2019,11
17794,ME,2018,44
18347,ME,2018,585
18654,ME,2018,45
20371,ME,2018,11
20787,ME,2020,1412
20787,ME,2019,1200
20787,ME,2018,594
20788,ME,2020,1392
20788,ME,2019,1110
20788,ME,2018,534
20789,ME,2020,710
20789,ME,2019,579
20789,ME,2018,192
20962,ME,2020,17
20962,ME,2018,10
21246,ME,2018,28
21247,ME,2018,552
21729,ME,2020,56
21729,ME,2019,70
21729,ME,2018,84
21748,ME,2018,9
22994,ME,2018,258
23490,ME,2019,69
23677,ME,2018,94
23690,ME,2019,28
23690,ME,2018,14
24146,ME,2019,62
24146,ME,2018,1351
24260,ME,2018,222
24271,ME,2020,91
24271,ME,2019,226
24271,ME,2018,162
24275,ME,2020,88
24275,ME,2019,247
24275,ME,2018,305
24276,ME,2020,14
24276,ME,2019,94
24276,ME,2018,112
26066,ME,2019,377
26172,ME,2019,121
26369,ME,2018,20
26370,ME,2018,28
26608,ME,2020,433
26608,ME,2019,524
26608,ME,2018,693
26648,ME,2020,1118
26717,ME,2018,56
26826,ME,2019,210
26826,ME,2018,56
27007,ME,2018,14
27026,ME,2020,262
27026,ME,2019,216
27026,ME,2018,433
27043,ME,2020,135
27043,ME,2019,120
27043,ME,2018,105
27221,ME,2020,569
27221,ME,2019,505
27222,ME,2020,268
27222,ME,2019,53
27385,ME,2018,561
27431,ME,2020,80
27431,ME,2019,542
27431,ME,2018,723
27432,ME,2019,731
27433,ME,2019,60
27433,ME,2018,165
29585,ME,2019,68
29585,ME,2018,101
29599,ME,2018,477
29667,ME,2019,77
29667,ME,2018,196
29875,ME,2018,7
29878,ME,2018,8
29882,ME,2018,277
29981,ME,2018,16
29982,ME,2018,60
29996,ME,2020,285
29996,ME,2019,149
29996,ME,2018,245
30001,ME,2020,383
30001,ME,2019,1070
30001,ME,2018,1877
30002,ME,2020,478
30002,ME,2019,1038
30002,ME,2018,1812
30003,ME,2020,623
30003,ME,2019,1180
30003,ME,2018,1938
30007,ME,2018,288
30009,ME,2018,208
30010,ME,2020,912
30010,ME,2019,427
30010,ME,2018,254
30115,ME,2018,79
30296,ME,2018,156
30298,ME,2018,188
30329,ME,2018,40
30330,ME,2018,64
30447,ME,2018,98
30450,ME,2018,105
30503,ME,2018,40
30504,ME,2018,32
30505,ME,2018,28
30506,ME,2018,28
30548,ME,2019,35
30548,ME,2018,35
30549,ME,2019,14
30549,ME,2018,68
30639,ME,2018,6
30640,ME,2018,2
30858,ME,2018,81
30859,ME,2018,181
30860,ME,2018,156
30861,ME,2018,169
30862,ME,2018,103
30863,ME,2018,150
30864,ME,2018,107
30865,ME,2018,102
30899,ME,2018,32
30938,ME,2019,285
30939,ME,2019,42
30960,ME,2020,1266
30960,ME,2019,359
30993,ME,2019,259
31164,ME,2019,81
32185,ME,2020,1197
32185,ME,2019,555
32186,ME,2020,1172
32186,ME,2019,659
32187,ME,2020,1189
32187,ME,2019,1487
32220,ME,2019,102
32986,ME,2019,29
33116,ME,2019,22
33129,ME,2020,16
33129,ME,2019,62
33333,ME,2019,206
33334,ME,2019,126
33395,ME,2019,54
33458,ME,2019,402
33468,ME,2019,134
33474,ME,2019,36
33475,ME,2020,210
33475,ME,2019,249
33476,ME,2020,130
33476,ME,2019,240
33480,ME,2019,65
33494,ME,2020,119
33494,ME,2019,108
33497,ME,2019,8
33509,ME,2019,16
33510,ME,2019,70
33511,ME,2020,114
33511,ME,2019,242
33512,ME,2019,45
33514,ME,2019,533
33515,ME,2020,36
33515,ME,2019,14
33540,ME,2019,68
33543,ME,2019,96
33561,ME,2019,14
33569,ME,2020,2109
33569,ME,2019,765
33695,ME,2020,8
33757,ME,2019,130
33758,ME,2019,6
33830,ME,2019,56
33867,ME,2020,188
33867,ME,2019,130
33896,ME,2019,461
33900,ME,2019,143
34039,ME,2020,80
34675,ME,2020,20
36294,ME,2020,354
37562,ME,2020,126
37614,ME,2020,10
37650,ME,2020,118
37695,ME,2020,702
37842,ME,2020,28
37842,ME,2019,8
38042,ME,2020,74
38081,ME,2020,63
38082,ME,2020,7
38118,ME,2020,84
38123,ME,2020,310
38134,ME,2020,131
38158,ME,2020,255
38305,ME,2020,116
38337,ME,2020,92
38457,ME,2020,568
38548,ME,2020,398
38560,ME,2020,93
38562,ME,2020,68
38614,ME,2020,46
38658,ME,2020,5
38681,ME,2020,108
38686,ME,2020,684
38687,ME,2020,105
38688,ME,2020,304
38689,ME,2020,110
38734,ME,2020,24
38841,ME,2020,30
38940,ME,2020,257
113,MI,2020,821
113,MI,2019,991
113,MI,2018,1308
119,MI,2020,209
119,MI,2019,285
119,MI,2018,150
126,MI,2019,631
126,MI,2018,600
437,MI,2019,10
443,MI,2020,233
443,MI,2019,331
443,MI,2018,288
1447,MI,2020,1632
1447,MI,2018,2720
1461,MI,2020,396
1461,MI,2019,403
1461,MI,2018,429
5328,MI,2018,45
6579,MI,2019,457
6579,MI,2018,563
8440,MI,2020,132
8440,MI,2019,143
8440,MI,2018,143
10145,MI,2020,51516
10145,MI,2019,33370
10145,MI,2018,32944
17555,MI,2018,47
22734,MI,2019,24
22734,MI,2018,46
22735,MI,2019,16
22735,MI,2018,2
22864,MI,2019,1778
22864,MI,2018,2367
24961,MI,2019,205
24961,MI,2018,1003
25460,MI,2019,330
25460,MI,2018,666
25565,MI,2019,6437
25565,MI,2018,6145
28430,MI,2019,6
28430,MI,2018,37
28614,MI,2019,4857
28614,MI,2018,2460
28615,MI,2020,77
28615,MI,2019,1234
28615,MI,2018,1169
29388,MI,2020,224
29388,MI,2019,4974
29388,MI,2018,3632
29400,MI,2020,172
29400,MI,2019,2232
29400,MI,2018,1843
29572,MI,2019,748
29572,MI,2018,1924
29718,MI,2018,8
29719,MI,2018,22
29844,MI,2018,22
30051,MI,2020,282
30051,MI,2019,350
30051,MI,2018,199
30126,MI,2018,10
30135,MI,2018,11
30150,MI,2018,10
30304,MI,2018,7
30325,MI,2018,5
30427,MI,2018,10
30519,MI,2018,1
30742,MI,2018,54
30956,MI,2019,7
33038,MI,2019,1632
33041,MI,2019,3616
33113,MI,2019,186
33760,MI,2019,154
33874,MI,2019,596
33937,MI,2019,9
33962,MI,2019,108
33966,MI,2019,49
35924,MI,2019,8400
35924,MI,2018,6274
35925,MI,2019,720
36891,MI,2020,36
36936,MI,2020,81
36961,MI,2020,294
37203,MI,2020,16
37323,MI,2020,144
37324,MI,2020,538
37325,MI,2020,236
37327,MI,2020,48
37328,MI,2020,32
37329,MI,2020,88
37330,MI,2020,554
37331,MI,2020,65
37334,MI,2020,363
37335,MI,2020,59
37339,MI,2020,390
37340,MI,2020,96
37341,MI,2020,110
37345,MI,2020,829
37353,MI,2020,99
37354,MI,2020,1566
37356,MI,2020,143
37358,MI,2020,188
37554,MI,2020,4
37561,MI,2020,684
37566,MI,2020,963
37581,MI,2020,1648
37644,MI,2020,27
37666,MI,2020,47
37672,MI,2020,20
37673,MI,2020,521
37678,MI,2020,44
37684,MI,2020,819
37685,MI,2020,124
37704,MI,2020,234
37707,MI,2020,440
37757,MI,2020,456
37771,MI,2020,3
37793,MI,2020,11
37795,MI,2020,600
37926,MI,2020,138
37964,MI,2020,33
37966,MI,2020,27
38003,MI,2020,290
38194,MI,2020,66
38322,MI,2020,11
38371,MI,2020,7
38424,MI,2020,815
38425,MI,2020,815
38521,MI,2020,7
38667,MI,2020,39
38991,MI,2020,34
36506,Milam,2020,309
38,MN,2020,805
38,MN,2019,172
38,MN,2018,807
132,MN,2020,2745
132,MN,2019,2706
132,MN,2018,1754
1904,MN,2020,4234
1904,MN,2019,3049
1904,MN,2018,1560
2393,MN,2020,1059
2393,MN,2019,505
2393,MN,2018,464
2394,MN,2020,1368
2394,MN,2019,282
2394,MN,2018,946
2395,MN,2018,432
5327,MN,2019,1222
5327,MN,2018,616
5337,MN,2019,5
5509,MN,2020,1111
5509,MN,2019,156
5509,MN,2018,866
5951,MN,2020,794
5951,MN,2019,323
5951,MN,2018,647
5952,MN,2020,583
5952,MN,2019,220
5952,MN,2018,528
8496,MN,2020,4812
8496,MN,2019,2347
8496,MN,2018,4295
8736,MN,2020,2318
8736,MN,2019,574
8736,MN,2018,1429
9652,MN,2020,792
9652,MN,2019,821
9652,MN,2018,623
10373,MN,2018,1
10507,MN,2020,21
11313,MN,2020,1072
11313,MN,2019,1876
11313,MN,2018,1548
11430,MN,2020,32
11430,MN,2019,192
11430,MN,2018,96
11526,MN,2020,33
11526,MN,2019,44
11605,MN,2020,2662
11605,MN,2019,2029
11605,MN,2018,1378
11610,MN,2018,60
11617,MN,2020,2063
11617,MN,2019,2235
11617,MN,2018,1032
12508,MN,2019,55
12508,MN,2018,77
12713,MN,2018,32
16356,MN,2019,3647
16356,MN,2018,8114
16696,MN,2018,10
17101,MN,2018,30
17103,MN,2018,1148
17394,MN,2020,7
17394,MN,2018,14
17477,MN,2018,30
17680,MN,2019,84
17680,MN,2018,1040
17768,MN,2020,713
17768,MN,2019,742
17768,MN,2018,698
18179,MN,2018,1316
18237,MN,2019,12
18834,MN,2018,345
19462,MN,2019,944
19462,MN,2018,642
20243,MN,2019,231
20243,MN,2018,754
20245,MN,2018,566
21062,MN,2020,167
21062,MN,2018,79
21677,MN,2020,181
21677,MN,2019,33
21677,MN,2018,165
22006,MN,2019,9
22029,MN,2020,2694
22055,MN,2019,10
22055,MN,2018,5
22624,MN,2018,115
22911,MN,2019,173
22911,MN,2018,310
23641,MN,2020,2007
23641,MN,2019,1825
23641,MN,2018,333
23676,MN,2019,806
23676,MN,2018,1363
23706,MN,2019,114
24186,MN,2019,57415
24186,MN,2018,9709
24513,MN,2020,35
24513,MN,2019,55
24513,MN,2018,110
24514,MN,2020,1072
24514,MN,2019,1153
24514,MN,2018,995
24566,MN,2020,5204
24566,MN,2019,3194
24566,MN,2018,2131
24645,MN,2019,104
24692,MN,2020,1718
24692,MN,2019,4683
24692,MN,2018,1135
25032,MN,2020,2
25093,MN,2019,42
25093,MN,2018,283
25486,MN,2019,790
25486,MN,2018,705
25568,MN,2019,1639
25568,MN,2018,1954
25889,MN,2020,250
25889,MN,2019,259
25889,MN,2018,436
26000,MN,2019,315
26000,MN,2018,127
26037,MN,2020,11
26048,MN,2020,839
26048,MN,2019,572
26048,MN,2018,391
26201,MN,2020,711
26201,MN,2019,284
26201,MN,2018,6
26425,MN,2020,2
26425,MN,2018,28
26450,MN,2018,110
26601,MN,2020,558
26601,MN,2019,775
26601,MN,2018,37
26602,MN,2020,240
26602,MN,2019,325
26602,MN,2018,14
26626,MN,2019,43
26626,MN,2018,28
26678,MN,2018,10
27268,MN,2018,388
27269,MN,2018,179
27271,MN,2019,18
27282,MN,2019,11
27313,MN,2019,22
27313,MN,2018,22
27322,MN,2018,14
27458,MN,2019,282
27458,MN,2018,203
27469,MN,2018,6
27671,MN,2019,64
27676,MN,2018,13
27677,MN,2019,10
27724,MN,2018,40
28093,MN,2020,1400
28093,MN,2019,16626
28093,MN,2018,16027
28108,MN,2018,30
28355,MN,2018,14
28388,MN,2018,23
28419,MN,2018,33
28479,MN,2018,30
28609,MN,2018,11
28898,MN,2019,66
28898,MN,2018,87
28927,MN,2019,11
28929,MN,2019,180
28929,MN,2018,227
28931,MN,2019,180
28931,MN,2018,248
29347,MN,2020,345
29347,MN,2019,126
29347,MN,2018,192
29413,MN,2018,14946
29586,MN,2018,16
29655,MN,2018,161
29889,MN,2018,292
29897,MN,2018,145
29901,MN,2018,44
29904,MN,2018,19
29906,MN,2018,135
29907,MN,2018,33
29909,MN,2018,175
29912,MN,2018,325
29923,MN,2018,102
29925,MN,2018,135
29933,MN,2018,190
29934,MN,2018,184
29937,MN,2018,99
29938,MN,2018,83
29941,MN,2018,169
29947,MN,2018,74
29948,MN,2018,66
29963,MN,2018,178
29973,MN,2018,121
29978,MN,2018,135
29993,MN,2018,154
29994,MN,2018,210
30018,MN,2018,33
30027,MN,2018,66
30033,MN,2018,205
30040,MN,2018,71
30041,MN,2018,48
30043,MN,2018,118
30052,MN,2018,50
30061,MN,2018,152
30067,MN,2018,5
30070,MN,2018,101
30100,MN,2018,88
30103,MN,2018,79
30104,MN,2020,418
30104,MN,2019,44
30104,MN,2018,182
30106,MN,2018,36
30113,MN,2018,589
30242,MN,2018,88
30253,MN,2018,39
30273,MN,2018,51
30276,MN,2018,16
30277,MN,2018,82
30279,MN,2018,279
30280,MN,2018,48
30281,MN,2018,123
30282,MN,2018,108
30316,MN,2018,1
30317,MN,2018,56
30318,MN,2018,2
30319,MN,2018,34
30350,MN,2018,30
30351,MN,2018,22
30376,MN,2018,18
30413,MN,2018,93
30414,MN,2020,448
30414,MN,2019,384
30414,MN,2018,108
30437,MN,2020,45
30437,MN,2019,30
30437,MN,2018,40
30438,MN,2020,128
30438,MN,2018,206
30440,MN,2020,100
30440,MN,2019,60
30440,MN,2018,100
30475,MN,2018,100
30485,MN,2018,42
30514,MN,2018,49
30526,MN,2018,188
30527,MN,2018,33
30588,MN,2018,6
30604,MN,2018,36
30650,MN,2018,338
30684,MN,2018,11
31143,MN,2020,341
31143,MN,2019,848
31180,MN,2020,48
31180,MN,2019,133
31181,MN,2020,65
31181,MN,2019,39
31881,MN,2019,1363
31923,MN,2020,44
31923,MN,2019,1312
32040,MN,2020,4435
32040,MN,2019,966
32172,MN,2020,110
32172,MN,2019,121
32582,MN,2019,23
33047,MN,2020,27
33130,MN,2019,87
33339,MN,2019,288
33435,MN,2020,1932
33435,MN,2019,1250
33436,MN,2020,2240
33436,MN,2019,1006
33477,MN,2019,77
33516,MN,2019,458
33550,MN,2019,94
33553,MN,2019,109
33554,MN,2019,98
33563,MN,2019,383
33567,MN,2019,27
33568,MN,2020,48
33579,MN,2020,1534
33579,MN,2019,1077
33843,MN,2019,22
33940,MN,2019,16
33946,MN,2019,52
33980,MN,2019,19
34281,MN,2020,110
34753,MN,2019,109
35319,MN,2020,36
36978,MN,2020,23
37005,MN,2020,9
37631,MN,2020,2574
37730,MN,2020,195
37732,MN,2020,11
37816,MN,2020,83
37834,MN,2020,1
37897,MN,2020,2
37982,MN,2020,22
37983,MN,2020,8
38034,MN,2020,1178
38056,MN,2020,28
38105,MN,2020,308
38303,MN,2020,16
38683,MN,2020,49
38698,MN,2020,7
38703,MN,2020,114
38760,MN,2020,76
38792,MN,2020,28
38795,MN,2020,74
38983,MN,2020,78
39000,MN,2020,274
39078,MN,2020,62
141,MO,2019,5
141,MO,2018,25
144,MO,2020,110
144,MO,2019,269
144,MO,2018,360
459,MO,2020,133
459,MO,2019,168
459,MO,2018,647
463,MO,2019,152
463,MO,2018,114
464,MO,2020,50
464,MO,2019,30
464,MO,2018,50
1900,MO,2020,165
1900,MO,2019,90
1900,MO,2018,117
6161,MO,2020,49
10358,MO,2020,322
10358,MO,2018,57
17591,MO,2020,165
17591,MO,2019,95
17591,MO,2018,120
17677,MO,2020,330
17677,MO,2019,180
17677,MO,2018,260
18149,MO,2018,179
20249,MO,2018,340
24601,MO,2018,18
26673,MO,2018,20
26929,MO,2018,30
28073,MO,2018,1626
28664,MO,2018,212
28943,MO,2019,43
28943,MO,2018,150
29815,MO,2018,101
30403,MO,2018,17
30601,MO,2018,6
30717,MO,2020,15
33537,MO,2019,14
36904,MO,2020,13
38101,MO,2020,48
25174,MS,2018,220
26079,MS,2020,449
26079,MS,2019,889
26079,MS,2018,1393
27985,MS,2019,20
28353,MS,2020,166
28353,MS,2019,555
28353,MS,2018,285
28354,MS,2020,108
28354,MS,2019,287
28354,MS,2018,188
28357,MS,2020,150
28357,MS,2019,238
28357,MS,2018,160
28590,MS,2020,1941
28590,MS,2019,1992
28590,MS,2018,845
28737,MS,2018,477
28745,MS,2020,500
28745,MS,2019,158
28745,MS,2018,979
28830,MS,2020,588
28830,MS,2019,107
28830,MS,2018,1161
29246,MS,2018,7
29265,MS,2019,198
29265,MS,2018,38
30971,MS,2020,253
30971,MS,2019,388
32959,MS,2019,822
33862,MS,2020,326
33862,MS,2019,290
34119,MS,2019,40
36407,MS,2020,46
36660,MS,2020,55
17445,MT,2020,128
17445,MT,2019,726
17445,MT,2018,620
17495,MT,2020,28
17495,MT,2019,180
17495,MT,2018,198
30028,MT,2018,19
31092,MT,2020,17
33168,MT,2019,60
33173,MT,2019,10
33636,MT,2019,212
34016,MT,2019,178
34043,MT,2019,30
34045,MT,2019,10
34079,MT,2019,143
34080,MT,2019,100
34086,MT,2019,30
34117,MT,2019,10
34159,MT,2019,24
34180,MT,2019,5
34275,MT,2019,57
34382,MT,2019,210
37668,MT,2020,38
37693,MT,2020,16
37837,MT,2020,63
965,NC,2018,260
2792,NC,2020,232
2792,NC,2019,427
2792,NC,2018,645
5431,NC,2020,72
6231,NC,2020,27
8180,NC,2020,90
8180,NC,2019,90
8180,NC,2018,130
8181,NC,2020,90
8181,NC,2019,90
8181,NC,2018,130
8182,NC,2020,2193
8182,NC,2019,1535
8182,NC,2018,3106
8492,NC,2020,166
8492,NC,2019,819
8492,NC,2018,747
8899,NC,2020,493
8899,NC,2019,982
8899,NC,2018,250
8902,NC,2020,2146
8902,NC,2019,418
8902,NC,2018,2439
8903,NC,2020,586
8903,NC,2019,389
8903,NC,2018,5448
8904,NC,2020,547
8904,NC,2019,122
8904,NC,2018,1553
8998,NC,2020,41
8998,NC,2018,41
9240,NC,2020,11
11782,NC,2018,33
11837,NC,2019,599
11895,NC,2019,182
11895,NC,2018,1273
11896,NC,2020,297
11896,NC,2018,1646
11897,NC,2020,245
11897,NC,2018,1685
11899,NC,2019,390
11899,NC,2018,1696
12776,NC,2019,10
16723,NC,2020,22
16723,NC,2019,80
16723,NC,2018,190
18919,NC,2018,233
19260,NC,2019,60
19260,NC,2018,165
19380,NC,2019,827
19380,NC,2018,1970
19642,NC,2020,28
22017,NC,2020,1261
22017,NC,2019,5906
22017,NC,2018,2381
22256,NC,2019,4
22936,NC,2018,128
23828,NC,2020,761
23828,NC,2019,2762
23828,NC,2018,2432
24028,NC,2020,5
24412,NC,2020,2077
24412,NC,2019,309
24412,NC,2018,822
24473,NC,2019,112
24473,NC,2018,93
24529,NC,2018,376
24906,NC,2020,10
24906,NC,2019,30
24906,NC,2018,40
25451,NC,2018,185
25452,NC,2018,6
25886,NC,2020,273
25886,NC,2019,4946
25886,NC,2018,3692
27255,NC,2019,949
27255,NC,2018,2157
27935,NC,2018,13
28398,NC,2019,22
28398,NC,2018,32
28399,NC,2018,50
28513,NC,2020,10
28513,NC,2019,100
28513,NC,2018,55
28530,NC,2020,175
28530,NC,2019,168
28530,NC,2018,140
28839,NC,2019,20
29354,NC,2019,44
29447,NC,2018,76
29835,NC,2018,210
29893,NC,2018,17
30055,NC,2018,204
30177,NC,2018,55
30387,NC,2018,11
30560,NC,2018,40
30624,NC,2018,41
30635,NC,2018,19
30647,NC,2018,77
30655,NC,2018,59
30656,NC,2018,18
30660,NC,2018,17
30928,NC,2019,53
31041,NC,2020,3575
31070,NC,2020,1064
31356,NC,2020,553
31356,NC,2019,632
31356,NC,2018,123
31362,NC,2020,4432
31362,NC,2019,2405
31410,NC,2020,858
31410,NC,2019,4629
32033,NC,2019,20
32634,NC,2019,614
32635,NC,2019,779
32779,NC,2019,683
33022,NC,2019,167
33053,NC,2019,30
33164,NC,2019,61
33364,NC,2019,130
33367,NC,2019,128
33368,NC,2019,83
33369,NC,2019,75
33370,NC,2019,84
33371,NC,2019,20
33372,NC,2019,77
33374,NC,2019,42
33377,NC,2019,49
33422,NC,2019,10
33527,NC,2019,112
34004,NC,2019,89
34171,NC,2019,57
34199,NC,2019,10
34233,NC,2019,45
34235,NC,2019,78
34236,NC,2019,60
34239,NC,2019,5
34317,NC,2019,10
35429,NC,2020,32
35638,NC,2020,285
35691,NC,2020,32
35792,NC,2020,61
35952,NC,2020,828
35952,NC,2019,82
36031,NC,2020,440
36380,NC,2020,1273
36828,NC,2020,26
37658,NC,2020,76
37680,NC,2020,212
37696,NC,2020,60
37796,NC,2020,10
37824,NC,2020,20
37850,NC,2020,7
37870,NC,2020,11
37870,NC,2019,11
37931,NC,2020,2
37991,NC,2020,10
38017,NC,2020,10
38144,NC,2020,17
38163,NC,2020,10
38178,NC,2020,7
38309,NC,2020,11
38364,NC,2020,44
38377,NC,2020,66
38385,NC,2020,10
38399,NC,2020,11
38426,NC,2020,15
38492,NC,2020,26
38615,NC,2020,12
38621,NC,2020,11
38637,NC,2020,10
38640,NC,2020,10
38709,NC,2020,11
38765,NC,2020,11
38833,NC,2020,10
38957,NC,2020,3
39090,NC,2020,6
39103,NC,2020,26
39105,NC,2020,111
19460,ND,2018,1
33445,ND,2020,10
35892,ND,2019,9330
35892,ND,2018,7452
35893,ND,2019,936
35893,ND,2018,755
35926,ND,2019,4590
35926,ND,2018,3502
5792,NE,2018,25
33008,NE,2019,7
33402,NE,2019,5
33501,NE,2019,64
33838,NE,2020,15
33838,NE,2019,54
37659,NE,2020,10
38573,NE,2020,7
1976,NH,2018,21
1977,NH,2019,133
1977,NH,2018,140
9175,NH,2020,82
9175,NH,2019,902
9175,NH,2018,1066
11597,NH,2019,69
11597,NH,2018,69
11598,NH,2020,56
11598,NH,2019,70
11598,NH,2018,55
11624,NH,2018,11
11742,NH,2020,40
11742,NH,2019,64
11742,NH,2018,53
12226,NH,2019,40
16190,NH,2019,21
16190,NH,2018,21
16191,NH,2019,20
16191,NH,2018,21
16192,NH,2019,31
16192,NH,2018,31
16196,NH,2019,30
16199,NH,2019,30
16201,NH,2019,21
16202,NH,2019,21
16205,NH,2019,21
16207,NH,2019,7
16208,NH,2020,176
16208,NH,2019,372
16208,NH,2018,403
16209,NH,2020,218
16209,NH,2019,456
16209,NH,2018,487
16210,NH,2020,175
16210,NH,2019,420
16210,NH,2018,455
16211,NH,2020,120
16211,NH,2019,288
16211,NH,2018,312
16212,NH,2020,289
16212,NH,2019,1276
16212,NH,2018,1487
16213,NH,2020,204
16213,NH,2019,1133
16213,NH,2018,1339
16214,NH,2020,214
16214,NH,2019,1238
16214,NH,2018,1469
16219,NH,2019,44
16219,NH,2018,60
16220,NH,2019,38
16220,NH,2018,39
16221,NH,2019,30
16221,NH,2018,32
16222,NH,2019,29
16222,NH,2018,32
16223,NH,2019,30
16223,NH,2018,31
16224,NH,2019,2
16225,NH,2019,21
16226,NH,2019,38
16227,NH,2019,44
16228,NH,2019,31
16229,NH,2019,23
16230,NH,2019,14
16232,NH,2019,13
16233,NH,2019,19
16234,NH,2019,23
16235,NH,2020,10
16235,NH,2019,372
16235,NH,2018,389
16236,NH,2019,252
16236,NH,2018,273
16237,NH,2019,372
16237,NH,2018,403
16238,NH,2020,38
16238,NH,2019,372
16238,NH,2018,396
16239,NH,2020,196
16239,NH,2019,1254
16239,NH,2018,1482
16240,NH,2020,40
16240,NH,2019,825
16240,NH,2018,968
16241,NH,2019,891
16241,NH,2018,1130
16242,NH,2019,7
16242,NH,2018,28
16243,NH,2019,31
16243,NH,2018,31
16245,NH,2019,31
16245,NH,2018,31
16246,NH,2019,14
16246,NH,2018,24
17753,NH,2020,470
17753,NH,2019,1044
17753,NH,2018,1131
17754,NH,2020,325
17754,NH,2019,780
17754,NH,2018,845
17755,NH,2020,350
17755,NH,2019,840
17755,NH,2018,1042
17756,NH,2020,405
17756,NH,2019,972
17756,NH,2018,1053
17757,NH,2020,380
17757,NH,2019,912
17757,NH,2018,988
17758,NH,2020,45
17758,NH,2019,616
17758,NH,2018,728
17767,NH,2020,218
17767,NH,2019,1140
17767,NH,2018,1254
17769,NH,2020,178
17769,NH,2019,680
17769,NH,2018,748
18356,NH,2019,21
20953,NH,2018,61
23532,NH,2020,28
23532,NH,2019,336
23532,NH,2018,364
23533,NH,2020,24
23533,NH,2019,264
23533,NH,2018,312
27704,NH,2018,30
27705,NH,2018,10
30422,NH,2019,10
30422,NH,2018,111
30589,NH,2019,395
30766,NH,2018,58
30792,NH,2018,138
30793,NH,2018,75
30794,NH,2018,110
31095,NH,2019,24
33749,NH,2019,3
34003,NH,2019,371
34029,NH,2020,623
34029,NH,2019,441
34035,NH,2020,840
34035,NH,2019,660
34036,NH,2020,846
34036,NH,2019,462
34210,NH,2019,5
34291,NH,2019,18
35855,NH,2019,8088
35855,NH,2018,5933
35856,NH,2019,468
37317,NH,2020,10
37591,NH,2020,223
37592,NH,2020,10
37900,NH,2020,10
37963,NH,2020,11
38066,NH,2020,2292
38067,NH,2020,2743
38069,NH,2020,1023
38070,NH,2020,732
38071,NH,2020,42
38072,NH,2020,503
38073,NH,2020,323
38088,NH,2020,407
38138,NH,2020,121
38145,NH,2020,848
38149,NH,2020,210
38153,NH,2020,40
38306,NH,2020,155
38334,NH,2020,58
38446,NH,2020,5
38463,NH,2020,26
38472,NH,2020,76
38581,NH,2020,1057
38746,NH,2020,34
38751,NH,2020,29
38815,NH,2020,451
39042,NH,2020,14
1007,NJ,2018,49
27719,NJ,2018,82
27720,NJ,2018,42
27819,NJ,2018,105
27820,NJ,2018,110
30294,NJ,2018,54
30295,NJ,2018,60
30297,NJ,2018,59
30300,NJ,2018,79
30334,NJ,2018,63
30335,NJ,2018,54
30336,NJ,2018,42
31350,NJ,2019,20
31660,NJ,2019,159
33764,NJ,2019,11
33909,NJ,2019,5
33925,NJ,2019,10
36102,NJ,2020,125
36747,NJ,2020,16936
37667,NJ,2020,140
37700,NJ,2020,132
37787,NJ,2020,11
37882,NJ,2020,6
37915,NJ,2020,1
37918,NJ,2020,231
37923,NJ,2020,10
37969,NJ,2020,11
38179,NJ,2020,28
38365,NJ,2020,203
38712,NJ,2020,7
9024,NM,2020,1208
9024,NM,2019,857
9024,NM,2018,1265
11886,NM,2019,5
11886,NM,2018,10
14881,NM,2020,44
14881,NM,2019,275
14881,NM,2018,318
16282,NM,2020,44
16282,NM,2019,252
16282,NM,2018,317
16776,NM,2020,73
16776,NM,2019,544
16776,NM,2018,533
16785,NM,2020,87
16785,NM,2019,482
16785,NM,2018,486
16786,NM,2020,135
16786,NM,2019,928
16786,NM,2018,599
17404,NM,2020,76
17404,NM,2019,476
17404,NM,2018,491
17497,NM,2020,5
17497,NM,2019,3
17497,NM,2018,16
18282,NM,2020,1
19215,NM,2020,466
19215,NM,2019,2557
19215,NM,2018,2994
19216,NM,2020,466
19216,NM,2019,2560
19216,NM,2018,2993
21041,NM,2020,165
21041,NM,2019,59
21041,NM,2018,532
21248,NM,2020,1274
21248,NM,2019,1239
21248,NM,2018,863
21876,NM,2020,275
21876,NM,2019,438
21876,NM,2018,722
22009,NM,2020,264
22009,NM,2019,319
22009,NM,2018,484
23013,NM,2020,636
23013,NM,2019,740
23013,NM,2018,499
23223,NM,2019,1463
23223,NM,2018,1791
23738,NM,2020,81
23738,NM,2019,800
23738,NM,2018,750
23744,NM,2020,404
23744,NM,2019,390
23744,NM,2018,379
25055,NM,2018,44
26330,NM,2019,89
26330,NM,2018,578
27103,NM,2018,44
27104,NM,2018,40
27644,NM,2018,320
28665,NM,2018,88
28813,NM,2018,351
28894,NM,2018,52
29539,NM,2018,15
29944,NM,2018,6
29986,NM,2018,31
30268,NM,2018,17
30583,NM,2018,14
30585,NM,2020,257
30585,NM,2019,156
30585,NM,2018,111
30586,NM,2020,571
30586,NM,2019,326
31715,NM,2019,116
31806,NM,2020,198
31806,NM,2019,396
31807,NM,2019,198
32198,NM,2019,10
32438,NM,2019,21
32998,NM,2019,11
33581,NM,2019,20
33860,NM,2020,307
33860,NM,2019,191
34741,NM,2020,540
35879,NM,2019,3510
35879,NM,2018,3508
35880,NM,2019,351
35880,NM,2018,349
36377,NM,2020,135
37560,NM,2020,167
37654,NM,2020,7
37841,NM,2020,10
38769,NM,2020,18
38776,NM,2020,20
38778,NM,2020,10
38780,NM,2020,56
38783,NM,2020,30
38784,NM,2020,16
38787,NM,2020,14
38933,NM,2020,9
19957,NV,2019,149
19957,NV,2018,92
20353,NV,2018,5
36553,NV,2020,8
178,NY,2020,222
178,NY,2019,270
178,NY,2018,554
1444,NY,2020,255
1444,NY,2019,422
1444,NY,2018,127
1605,NY,2020,75
1605,NY,2019,55
1605,NY,2018,45
1624,NY,2020,329
1624,NY,2019,329
1624,NY,2018,329
1625,NY,2020,150
1625,NY,2019,150
1625,NY,2018,150
1668,NY,2020,1620
1668,NY,2019,36487
1668,NY,2018,37694
1915,NY,2020,1022
1915,NY,2019,1083
1915,NY,2018,937
2119,NY,2020,3339
2119,NY,2019,14887
2119,NY,2018,14421
2120,NY,2020,1056
2120,NY,2019,7493
2120,NY,2018,9038
4845,NY,2018,5
6362,NY,2019,3760
6362,NY,2018,2148
8460,NY,2020,198
8460,NY,2019,1979
8460,NY,2018,1187
10383,NY,2019,41
10383,NY,2018,17
10665,NY,2020,90
10665,NY,2019,70
10665,NY,2018,70
12249,NY,2020,826
12249,NY,2019,449
12249,NY,2018,449
16257,NY,2020,2065
16257,NY,2019,5922
16257,NY,2018,4582
16454,NY,2020,4043
16454,NY,2019,11796
16454,NY,2018,10384
16876,NY,2020,2732
16876,NY,2019,13769
16876,NY,2018,22148
16985,NY,2019,816
16985,NY,2018,1003
17166,NY,2018,33
17311,NY,2020,494
17311,NY,2019,2982
17311,NY,2018,2976
17414,NY,2020,3344
17414,NY,2019,3126
17414,NY,2018,2554
17473,NY,2018,11
17562,NY,2020,4777
17562,NY,2019,6737
17562,NY,2018,6579
17574,NY,2020,86
17574,NY,2019,728
17574,NY,2018,1172
17640,NY,2018,300
17731,NY,2019,62
17839,NY,2018,21
17880,NY,2018,11
18132,NY,2020,19930
18132,NY,2019,1654
18132,NY,2018,4876
18151,NY,2019,274
18524,NY,2020,485
18524,NY,2019,468
18524,NY,2018,11
18525,NY,2020,140
18525,NY,2019,1746
18525,NY,2018,1353
18526,NY,2018,22
18534,NY,2018,569
18535,NY,2020,250
18535,NY,2019,3843
18535,NY,2018,2567
18536,NY,2020,153
18536,NY,2019,1864
18536,NY,2018,2495
18537,NY,2020,608
18537,NY,2019,3460
18537,NY,2018,5037
18548,NY,2018,31
18549,NY,2018,31
19521,NY,2019,23
19585,NY,2019,90
19585,NY,2018,20
19586,NY,2019,2242
19586,NY,2018,1059
19950,NY,2020,22
19950,NY,2019,2906
19950,NY,2018,13101
20250,NY,2020,246
20250,NY,2019,946
20250,NY,2018,43
20351,NY,2020,58
20351,NY,2019,14
20351,NY,2018,174
20702,NY,2018,701
21092,NY,2020,51
21092,NY,2019,70
21092,NY,2018,54
21282,NY,2019,221
21282,NY,2018,902
21369,NY,2018,1132
22221,NY,2020,1998
22221,NY,2019,1883
22221,NY,2018,2889
22926,NY,2020,1
22926,NY,2019,2
23017,NY,2018,393
23417,NY,2019,1021
23417,NY,2018,2831
23753,NY,2020,148
23753,NY,2019,614
23753,NY,2018,1000
23804,NY,2018,60
23805,NY,2018,63
23813,NY,2020,5994
23813,NY,2019,6661
23813,NY,2018,6921
23815,NY,2020,424
23815,NY,2019,212
23815,NY,2018,287
23818,NY,2019,18
23818,NY,2018,93
23819,NY,2020,33
23819,NY,2019,22
23819,NY,2018,60
23820,NY,2020,7
23820,NY,2019,22
23820,NY,2018,15
24164,NY,2019,2153
24164,NY,2018,560
24717,NY,2018,11523
25220,NY,2018,11
25871,NY,2019,587
25871,NY,2018,1318
25884,NY,2020,1450
25884,NY,2019,876
25884,NY,2018,585
26609,NY,2018,997
26666,NY,2018,23
26843,NY,2020,173
26843,NY,2019,893
26843,NY,2018,463
26863,NY,2020,121
26863,NY,2019,1623
26863,NY,2018,1070
27467,NY,2019,113
27467,NY,2018,3753
27645,NY,2020,2531
27645,NY,2019,2304
27645,NY,2018,2920
28432,NY,2018,5
28483,NY,2019,649
28483,NY,2018,384
28521,NY,2018,29
29178,NY,2018,20
29256,NY,2018,179
29328,NY,2018,21
29331,NY,2018,317
29404,NY,2018,7
29813,NY,2018,28
29840,NY,2018,28
29841,NY,2018,28
30015,NY,2018,365
30031,NY,2018,1
30068,NY,2018,40
30088,NY,2018,183
30090,NY,2018,201
30152,NY,2018,6
30153,NY,2018,29
30154,NY,2018,22
30169,NY,2018,13
30170,NY,2018,17
30178,NY,2019,490
30178,NY,2018,826
30197,NY,2018,139
30198,NY,2018,28
30270,NY,2019,184
30270,NY,2018,124
30494,NY,2018,14
30500,NY,2018,41
30512,NY,2018,30
30518,NY,2020,1730
30518,NY,2019,650
30518,NY,2018,309
30531,NY,2018,34
30559,NY,2020,84
30559,NY,2019,427
30559,NY,2018,127
30692,NY,2018,12
31109,NY,2019,487
31307,NY,2020,16
31307,NY,2019,56
31710,NY,2020,112
31710,NY,2019,77
32073,NY,2019,130
32201,NY,2019,24
32418,NY,2019,32
32560,NY,2019,32
32789,NY,2020,987
32789,NY,2019,906
32864,NY,2018,77
32886,NY,2020,14
32886,NY,2019,537
32922,NY,2019,14
33105,NY,2019,28
33118,NY,2019,1613
33193,NY,2019,125
33239,NY,2019,60
33269,NY,2019,143
33292,NY,2019,70
33293,NY,2019,55
33463,NY,2019,7
33575,NY,2020,524
33575,NY,2019,228
33651,NY,2019,10
33655,NY,2020,86
33655,NY,2019,75
33754,NY,2019,20
33814,NY,2019,15
33859,NY,2019,110
33923,NY,2019,194
33939,NY,2020,5
33959,NY,2020,25
33969,NY,2020,16
33969,NY,2019,88
33999,NY,2019,6
34052,NY,2020,151
34052,NY,2019,121
34196,NY,2020,64
34196,NY,2019,14
34270,NY,2020,9389
34293,NY,2019,13
34340,NY,2019,7
35198,NY,2020,1138
35199,NY,2020,2322
36383,NY,2020,8
36576,NY,2020,15
36955,NY,2020,78
37151,NY,2020,10
37380,NY,2020,1
37527,NY,2020,22
37545,NY,2020,103
37573,NY,2020,7
37596,NY,2020,628
37618,NY,2020,44
37724,NY,2020,209
37725,NY,2020,132
37728,NY,2020,22
37729,NY,2020,31
37739,NY,2020,380
37781,NY,2020,13
37855,NY,2020,242
37857,NY,2020,110
37859,NY,2020,253
37861,NY,2020,66
37865,NY,2020,209
37878,NY,2020,11
37911,NY,2020,11
37919,NY,2020,60
37939,NY,2020,16
37971,NY,2020,209
37976,NY,2020,11
37990,NY,2020,48
38132,NY,2020,279
38346,NY,2020,5
38372,NY,2020,23
38382,NY,2020,89
38391,NY,2020,272
38398,NY,2020,7
38404,NY,2020,584
38473,NY,2020,9
38567,NY,2020,46
38569,NY,2020,15
38578,NY,2020,14
38813,NY,2020,5
38823,NY,2020,9
39071,NY,2020,7
39116,NY,2020,10
549,OH,2019,5
1978,OH,2018,168
2623,OH,2020,2180
2623,OH,2019,2221
10585,OH,2020,1230
10585,OH,2019,825
10585,OH,2018,953
10832,OH,2020,61
10835,OH,2020,62
10983,OH,2020,2
16267,OH,2020,1704
17442,OH,2020,625
17442,OH,2019,672
22681,OH,2019,279
22681,OH,2018,279
28469,OH,2018,11
28574,OH,2020,57
28574,OH,2019,44
28574,OH,2018,278
29353,OH,2018,217
29509,OH,2018,2
30038,OH,2020,13
30038,OH,2019,230
30038,OH,2018,257
30114,OH,2018,272
30344,OH,2018,13
30352,OH,2018,70
30353,OH,2018,31
30409,OH,2018,346
30534,OH,2019,449
30534,OH,2018,80
30550,OH,2019,274
30550,OH,2018,151
30652,OH,2020,311
30652,OH,2019,239
30652,OH,2018,571
30653,OH,2020,205
30653,OH,2019,234
30653,OH,2018,330
30654,OH,2019,131
30654,OH,2018,105
32653,OH,2019,11
32749,OH,2019,10
32791,OH,2019,802
32821,OH,2019,1447
32833,OH,2019,1927
32833,OH,2018,7
32835,OH,2019,187
32865,OH,2019,76
32893,OH,2020,796
32893,OH,2019,488
32929,OH,2019,403
32933,OH,2019,788
32936,OH,2019,105
32937,OH,2019,20
33217,OH,2019,23
33222,OH,2019,252
33259,OH,2019,250
33261,OH,2019,51
33413,OH,2020,67
33413,OH,2019,365
33486,OH,2019,747
33513,OH,2019,22
33544,OH,2019,100
33599,OH,2019,80
33600,OH,2020,558
33600,OH,2019,355
33863,OH,2019,10
34758,OH,2019,23
34771,OH,2020,474
34777,OH,2020,820
35268,OH,2020,24
35743,OH,2020,1839
35787,OH,2020,348
36752,OH,2020,455
37518,OH,2020,92
37606,OH,2020,103
37743,OH,2020,20
37947,OH,2020,39
37967,OH,2020,32
38204,OH,2020,19
38330,OH,2020,28
38410,OH,2020,2
38559,OH,2020,170
38599,OH,2020,200
38679,OH,2020,23
38680,OH,2020,16
38788,OH,2020,107
9858,OK,2019,5
30024,OK,2018,21
30436,OK,2018,60
30627,OK,2018,31
31151,OK,2019,934
32296,OK,2020,16
33903,OK,2019,31
34012,OK,2019,60
34067,OK,2019,32
34305,OK,2019,28
35069,OK,2020,551
35894,OK,2019,3491
35894,OK,2018,3503
35895,OK,2019,347
35895,OK,2018,259
38820,OK,2020,28
18554,ON,2019,160
18554,ON,2018,180
30101,ON,2018,26
36896,ON,2020,497
38032,ON,2020,632
38654,ON,2020,272
19,OR,2018,730
1338,OR,2020,11
1338,OR,2019,51
1338,OR,2018,30
5533,OR,2019,648
5533,OR,2018,1512
5744,OR,2019,45
5744,OR,2018,105
5745,OR,2020,75
5745,OR,2019,50
5745,OR,2018,79
9591,OR,2018,1
9638,OR,2018,190
9973,OR,2020,1107
9973,OR,2019,263
9973,OR,2018,210
10849,OR,2019,81
10849,OR,2018,81
10851,OR,2019,180
10851,OR,2018,90
16844,OR,2018,87
19191,OR,2019,627
19191,OR,2018,423
19236,OR,2018,197
19452,OR,2020,86
19452,OR,2019,473
19452,OR,2018,300
19803,OR,2019,66
19803,OR,2018,66
19918,OR,2020,34
19918,OR,2019,33
19918,OR,2018,14
20006,OR,2020,120
20006,OR,2019,90
20006,OR,2018,70
20007,OR,2020,40
20007,OR,2019,30
20007,OR,2018,20
20100,OR,2020,22
20100,OR,2018,66
20103,OR,2018,198
20200,OR,2018,51
20217,OR,2020,32
20217,OR,2019,24
20217,OR,2018,16
20329,OR,2020,4
20329,OR,2019,4
20329,OR,2018,14
21711,OR,2020,169
21711,OR,2019,75
21711,OR,2018,111
21802,OR,2019,309
21802,OR,2018,383
22483,OR,2018,72
22608,OR,2020,10
22608,OR,2019,110
22608,OR,2018,87
23451,OR,2019,81
23457,OR,2019,96
26021,OR,2019,156
26021,OR,2018,754
26118,OR,2020,259
26118,OR,2018,308
26141,OR,2020,145
26141,OR,2018,203
26223,OR,2020,80
26223,OR,2018,16
26438,OR,2020,106
26438,OR,2019,212
26438,OR,2018,96
26537,OR,2018,117
26849,OR,2020,440
26849,OR,2019,177
26849,OR,2018,270
26976,OR,2020,37
26976,OR,2018,49
27150,OR,2020,153
27150,OR,2019,165
27150,OR,2018,198
27550,OR,2020,382
28196,OR,2020,913
28196,OR,2019,527
28196,OR,2018,462
28281,OR,2018,53
28305,OR,2019,114
28305,OR,2018,462
28331,OR,2018,429
28446,OR,2020,320
28446,OR,2019,280
28446,OR,2018,120
28451,OR,2019,1287
28451,OR,2018,1052
28452,OR,2018,44
28454,OR,2018,22
28458,OR,2020,482
28458,OR,2019,975
28458,OR,2018,812
28505,OR,2018,10
28528,OR,2019,32
28528,OR,2018,96
28544,OR,2018,231
28703,OR,2020,52
28716,OR,2018,440
28783,OR,2018,170
28799,OR,2018,240
28800,OR,2018,720
28801,OR,2018,280
28802,OR,2018,160
28803,OR,2018,340
28804,OR,2018,575
28805,OR,2018,560
28910,OR,2020,420
28910,OR,2018,490
29322,OR,2018,20
29409,OR,2020,818
29409,OR,2019,699
29409,OR,2018,369
29563,OR,2020,221
29563,OR,2019,95
29563,OR,2018,299
29564,OR,2018,2
29854,OR,2020,11
29854,OR,2018,81
29859,OR,2018,33
30042,OR,2018,6
30133,OR,2018,20
30134,OR,2018,9
30149,OR,2018,40
30172,OR,2018,60
30233,OR,2018,8
30237,OR,2018,24
30241,OR,2018,32
30315,OR,2018,55
30386,OR,2018,102
30476,OR,2020,76
30554,OR,2018,24
30561,OR,2018,33
30568,OR,2018,25
30570,OR,2018,10
30575,OR,2018,78
30599,OR,2018,25
30606,OR,2018,24
30609,OR,2018,27
30615,OR,2018,75
30622,OR,2018,25
30628,OR,2018,89
30629,OR,2018,26
30630,OR,2018,48
30631,OR,2018,11
30657,OR,2018,26
30698,OR,2018,196
31009,OR,2020,2168
31132,OR,2020,21
31132,OR,2019,350
31242,OR,2020,536
31242,OR,2019,506
31247,OR,2020,120
31247,OR,2019,686
31311,OR,2020,88
32857,OR,2019,95
32943,OR,2019,627
32961,OR,2019,88
32987,OR,2019,659
32990,OR,2019,189
32997,OR,2019,459
33002,OR,2020,705
33002,OR,2019,284
33011,OR,2019,127
33023,OR,2019,100
33024,OR,2019,175
33060,OR,2019,190
33167,OR,2019,136
33181,OR,2019,16
33384,OR,2019,303
33444,OR,2020,269
33444,OR,2019,675
33608,OR,2019,77
33647,OR,2019,88
33672,OR,2019,40
33680,OR,2019,195
33683,OR,2019,11
33686,OR,2019,33
33690,OR,2019,42
33692,OR,2019,16
33746,OR,2019,41
33799,OR,2019,46
34024,OR,2019,25
34059,OR,2019,27
34061,OR,2019,22
34075,OR,2019,70
34093,OR,2019,25
34118,OR,2019,28
34151,OR,2019,24
34154,OR,2019,30
34169,OR,2019,53
34170,OR,2019,26
34173,OR,2019,30
34179,OR,2019,24
34182,OR,2019,29
34193,OR,2019,26
34765,OR,2020,121
34909,OR,2020,369
34910,OR,2020,1672
34920,OR,2020,710
34970,OR,2020,129
34971,OR,2020,42
34980,OR,2020,110
34984,OR,2020,66
36254,OR,2020,524
36312,OR,2020,322
36636,OR,2020,18
36778,OR,2020,280
36784,OR,2020,41
36897,OR,2020,114
37411,OR,2020,143
37579,OR,2020,140
38465,OR,2020,19
38486,OR,2020,1
38678,OR,2020,44
38725,OR,2020,44
38819,OR,2020,102
193,PA,2019,40
193,PA,2018,45
867,PA,2018,20
2669,PA,2020,918
2669,PA,2019,179
2669,PA,2018,754
5405,PA,2019,54
9083,PA,2018,614
10122,PA,2018,14
11493,PA,2020,20
11493,PA,2019,30
11493,PA,2018,40
17324,PA,2019,22
19935,PA,2020,2694
19935,PA,2019,4686
19935,PA,2018,3829
19960,PA,2020,1567
19960,PA,2019,1826
19960,PA,2018,1220
20312,PA,2018,7
20698,PA,2020,31
20698,PA,2019,10
21765,PA,2019,30
21765,PA,2018,3672
23056,PA,2019,90
23056,PA,2018,100
23284,PA,2019,132
23284,PA,2018,220
26001,PA,2020,65
26001,PA,2018,978
26002,PA,2020,11
26002,PA,2018,175
26003,PA,2020,88
26003,PA,2018,665
26742,PA,2019,110
26742,PA,2018,11787
26897,PA,2020,4172
26897,PA,2019,1169
26897,PA,2018,75
27203,PA,2019,94
27203,PA,2018,80
27204,PA,2019,43
27204,PA,2018,24
27206,PA,2019,94
27206,PA,2018,32
28503,PA,2018,53
28729,PA,2020,624
28729,PA,2019,2790
28729,PA,2018,4135
28742,PA,2019,537
28742,PA,2018,213
28893,PA,2018,148
29352,PA,2018,3525
29855,PA,2018,11
29858,PA,2018,12
29984,PA,2018,11
30006,PA,2018,8
30234,PA,2018,160
30259,PA,2018,62
30269,PA,2019,5
30269,PA,2018,4
30569,PA,2018,24
30683,PA,2018,60
30705,PA,2018,14
31659,PA,2019,28
33496,PA,2020,284
33496,PA,2019,557
33670,PA,2019,221
33931,PA,2020,176
33931,PA,2019,193
35699,PA,2020,50
36343,PA,2020,1904
37660,PA,2020,137
37663,PA,2020,218
37671,PA,2020,160
37674,PA,2020,20
37676,PA,2020,44
37679,PA,2020,50
37689,PA,2020,154
37698,PA,2020,10
37702,PA,2020,154
37717,PA,2020,10
37744,PA,2020,23
37747,PA,2020,141
37748,PA,2020,88
37791,PA,2020,22
37890,PA,2020,1417
37913,PA,2020,11
37920,PA,2020,99
37965,PA,2020,33
37973,PA,2020,88
37979,PA,2020,143
38036,PA,2020,690
38048,PA,2020,66
38126,PA,2020,79
38128,PA,2020,594
38574,PA,2020,7
38616,PA,2020,16
38662,PA,2020,46
38713,PA,2020,515
38808,PA,2020,39
39091,PA,2020,22
39098,PA,2020,42
33782,QC,2019,3409
38160,QC,2020,277
29857,RI,2018,179
30091,RI,2018,108
30092,RI,2018,127
36997,RI,2020,108
37107,RI,2020,27
37416,RI,2020,14
37609,RI,2020,6
36447,Samarqand Region,2020,141
5470,SC,2018,12900
11713,SC,2019,10
31052,SC,2019,9031
33354,SC,2019,50
37740,SC,2020,491
38406,SC,2020,21
200,SD,2018,1
606,SD,2019,31
606,SD,2018,31
17827,SD,2020,42
23340,SD,2018,1119
27856,SD,2020,2308
27856,SD,2019,2667
27856,SD,2018,1264
28649,SD,2018,252
28666,SD,2018,424
28673,SD,2018,195
28675,SD,2018,230
28709,SD,2018,304
28734,SD,2018,68
28735,SD,2018,182
28736,SD,2018,138
28739,SD,2018,236
28741,SD,2018,646
28843,SD,2018,176
30046,SD,2018,10
30309,SD,2018,53
30954,SD,2018,16
32594,SD,2019,584
32595,SD,2019,130
32609,SD,2019,112
32620,SD,2019,82
32620,SD,2018,41
32624,SD,2019,10
32639,SD,2019,24
32649,SD,2019,164
32659,SD,2019,236
32675,SD,2019,264
32681,SD,2019,442
32682,SD,2019,228
32684,SD,2019,124
32685,SD,2019,81
32689,SD,2019,192
32691,SD,2019,82
32707,SD,2019,208
32708,SD,2019,408
32715,SD,2019,336
32721,SD,2019,301
32722,SD,2019,477
32725,SD,2019,20
32732,SD,2019,376
32750,SD,2019,225
32785,SD,2019,269
32819,SD,2019,278
33044,SD,2019,60
33341,SD,2019,344
33342,SD,2019,309
33343,SD,2019,386
33346,SD,2019,335
33347,SD,2019,406
33951,SD,2019,31
37376,SD,2020,27
39407,SD,2020,27
25063,Shandong Sheng,2019,954
25063,Shandong Sheng,2018,1512
31058,Tibet,2019,339
613,TN,2019,6
613,TN,2018,13
1495,TN,2020,8
1495,TN,2018,17
2772,TN,2020,13711
2772,TN,2019,17033
2772,TN,2018,21939
6701,TN,2020,748
6701,TN,2019,516
8408,TN,2020,10
8408,TN,2018,10
8409,TN,2020,20
8409,TN,2019,30
8409,TN,2018,70
8806,TN,2020,658
8806,TN,2019,1690
8806,TN,2018,2125
8836,TN,2020,473
8836,TN,2019,1733
8836,TN,2018,3191
8897,TN,2018,167
8898,TN,2018,203
8901,TN,2020,438
8901,TN,2019,2357
8901,TN,2018,215
8981,TN,2020,190
8981,TN,2019,1862
8981,TN,2018,1460
9338,TN,2020,661
9338,TN,2019,1627
9338,TN,2018,454
9339,TN,2020,711
9339,TN,2019,1415
9339,TN,2018,3509
9340,TN,2020,651
9340,TN,2019,694
9340,TN,2018,1535
9341,TN,2020,1602
9341,TN,2019,3053
9341,TN,2018,2633
9342,TN,2020,1177
9342,TN,2019,1558
9342,TN,2018,3796
9343,TN,2020,2136
9343,TN,2019,2205
9343,TN,2018,1493
9344,TN,2020,524
9344,TN,2019,588
11999,TN,2020,199
11999,TN,2019,1866
11999,TN,2018,2367
12002,TN,2020,436
12002,TN,2019,3924
12002,TN,2018,4188
12003,TN,2020,366
12003,TN,2019,725
12003,TN,2018,2626
12055,TN,2020,1
16258,TN,2020,5
17582,TN,2020,635
17582,TN,2019,2756
17582,TN,2018,1338
19187,TN,2019,90
19187,TN,2018,264
22315,TN,2018,112
25361,TN,2020,18733
25361,TN,2019,22456
25361,TN,2018,31678
25362,TN,2020,10574
25362,TN,2019,9814
25362,TN,2018,13706
27567,TN,2020,425
27567,TN,2019,909
27567,TN,2018,1077
27570,TN,2020,900
27570,TN,2019,1006
27570,TN,2018,984
29095,TN,2020,624
29095,TN,2019,676
29095,TN,2018,799
29104,TN,2020,634
29104,TN,2019,666
29104,TN,2018,779
29298,TN,2018,35
30125,TN,2018,29
30127,TN,2018,32
32397,TN,2018,11
33294,TN,2019,16
34051,TN,2020,210
34051,TN,2019,366
34968,TN,2020,480
35767,TN,2020,847
35768,TN,2020,814
35769,TN,2020,836
35872,TN,2019,11868
35872,TN,2018,11882
35873,TN,2019,792
35873,TN,2018,792
35898,TN,2019,8442
35898,TN,2018,7898
35899,TN,2019,720
37620,TN,2020,232
37760,TN,2020,410
37794,TN,2020,11
37946,TN,2020,50
38830,TN,2020,32
30188,Toscana,2018,88
8418,TX,2020,681
8418,TX,2019,14081
8418,TX,2018,15355
9900,TX,2020,8
16404,TX,2020,155
16404,TX,2019,868
16404,TX,2018,766
19661,TX,2018,6440
21207,TX,2020,7
25330,TX,2020,794
25330,TX,2019,3493
29001,TX,2018,27
29671,TX,2018,16
30439,TX,2018,543
31102,TX,2020,26
31103,TX,2020,26
31104,TX,2020,26
31105,TX,2020,26
31106,TX,2020,26
31107,TX,2020,26
32472,TX,2019,27
32473,TX,2019,27
32982,TX,2019,10
33125,TX,2019,93
33420,TX,2019,12
33421,TX,2019,7
33572,TX,2019,200
33725,TX,2019,27
33928,TX,2019,14
34191,TX,2019,2
34264,TX,2019,17
34459,TX,2020,1883
34824,TX,2020,18
35375,TX,2020,96
35861,TX,2019,3510
35861,TX,2018,1034
35862,TX,2019,252
35862,TX,2018,234
36260,TX,2020,216
36313,TX,2020,33
36345,TX,2020,11
36361,TX,2020,54
36415,TX,2020,22
36444,TX,2020,16
36460,TX,2020,48
36467,TX,2020,138
36479,TX,2020,24
36484,TX,2020,48
36485,TX,2020,48
36486,TX,2020,32
36488,TX,2020,36
36491,TX,2020,17
36495,TX,2020,22
36499,TX,2020,11
36507,TX,2020,15
36521,TX,2020,16
36522,TX,2020,96
36534,TX,2020,22
36537,TX,2020,64
36538,TX,2020,30
36539,TX,2020,48
36542,TX,2020,44
36546,TX,2020,32
36547,TX,2020,56
36549,TX,2020,12
36550,TX,2020,15
36558,TX,2020,66
36560,TX,2020,16
36561,TX,2020,8
36563,TX,2020,30
36568,TX,2020,112
36570,TX,2020,40
36575,TX,2020,36
36578,TX,2020,176
36581,TX,2020,30
36585,TX,2020,36
36590,TX,2020,90
36597,TX,2020,54
36599,TX,2020,79
36601,TX,2020,36
36609,TX,2020,24
36611,TX,2020,6
36613,TX,2020,32
36615,TX,2020,40
36617,TX,2020,80
36625,TX,2020,16
36628,TX,2020,64
36629,TX,2020,40
36632,TX,2020,48
36635,TX,2020,509
36650,TX,2020,48
36658,TX,2020,16
36662,TX,2020,55
36678,TX,2020,11
36702,TX,2020,98
36704,TX,2020,135
36707,TX,2020,32
36710,TX,2020,22
36717,TX,2020,24
36724,TX,2020,26
36725,TX,2020,48
36733,TX,2020,48
36734,TX,2020,144
36748,TX,2020,75
36750,TX,2020,8
36751,TX,2020,30
36765,TX,2020,90
36840,TX,2020,14
36869,TX,2020,118
36938,TX,2020,10
36971,TX,2020,36
36972,TX,2020,17
36980,TX,2020,27
36989,TX,2020,33
36991,TX,2020,7
37102,TX,2020,12
37370,TX,2020,96
37402,TX,2020,36
37551,TX,2020,10
37812,TX,2020,44
37896,TX,2020,15
38020,TX,2020,12
38133,TX,2020,11
38605,TX,2020,31
38969,TX,2020,23
8253,UT,2020,462
8253,UT,2019,451
8253,UT,2018,371
10717,UT,2020,1403
17337,UT,2018,137
17416,UT,2019,30
17416,UT,2018,30
25346,UT,2020,90
25346,UT,2019,26
25346,UT,2018,10
25803,UT,2018,47
26119,UT,2020,249
26119,UT,2019,357
26119,UT,2018,204
26922,UT,2018,11
28798,UT,2018,168
29573,UT,2018,38
30564,UT,2020,267
30564,UT,2019,21
30564,UT,2018,29
30625,UT,2018,28
31368,UT,2019,11
33394,UT,2019,1588
33837,UT,2020,998
33837,UT,2019,91
34124,UT,2019,31
34254,UT,2019,10
34299,UT,2019,161
35742,UT,2020,22
35758,UT,2020,11
35888,UT,2019,3510
35888,UT,2018,7013
35889,UT,2019,351
35889,UT,2018,701
35896,UT,2019,4941
35896,UT,2018,7189
35897,UT,2019,523
35897,UT,2018,753
37830,UT,2020,4
37849,UT,2020,188
37905,UT,2020,12
37929,UT,2020,6
38443,UT,2020,22
38817,UT,2020,81
1305,VA,2018,20
1330,VA,2020,10
1330,VA,2019,10
1330,VA,2018,60
1464,VA,2019,5
1464,VA,2018,10
5206,VA,2018,456
5207,VA,2018,329
8381,VA,2020,57
8381,VA,2019,57
8947,VA,2019,2243
8947,VA,2018,1348
9086,VA,2019,132
9086,VA,2018,792
11052,VA,2019,90
11052,VA,2018,30
16412,VA,2019,189
16412,VA,2018,63
22018,VA,2020,60
22018,VA,2019,120
22018,VA,2018,120
22933,VA,2019,6
24550,VA,2018,188
25024,VA,2018,2781
25135,VA,2018,50
25325,VA,2019,168
25325,VA,2018,565
25442,VA,2020,13
25442,VA,2019,64
25442,VA,2018,222
25686,VA,2020,305
25686,VA,2019,271
25686,VA,2018,326
25894,VA,2020,11
27457,VA,2019,21
27459,VA,2019,512
28192,VA,2019,1688
28631,VA,2018,18
28759,VA,2018,186
28952,VA,2019,70
28952,VA,2018,1339
28981,VA,2018,40
29220,VA,2018,912
29244,VA,2018,258
29403,VA,2019,448
29403,VA,2018,1045
29418,VA,2018,1366
29419,VA,2019,2
29419,VA,2018,217
29702,VA,2018,11
29703,VA,2018,132
29704,VA,2018,109
29707,VA,2018,55
29708,VA,2018,11
29710,VA,2018,77
29741,VA,2018,195
30013,VA,2020,500
30013,VA,2019,443
30013,VA,2018,745
30122,VA,2018,132
30129,VA,2018,22
30148,VA,2018,1458
30378,VA,2018,237
30492,VA,2018,22
30538,VA,2018,434
30973,VA,2020,539
30973,VA,2019,860
31134,VA,2020,7
31336,VA,2019,380
31337,VA,2019,195
31338,VA,2019,235
32117,VA,2019,336
32118,VA,2019,71
32356,VA,2019,156
32373,VA,2019,155
32374,VA,2019,304
32375,VA,2019,187
32392,VA,2019,303
32393,VA,2019,188
32458,VA,2020,942
32458,VA,2019,5760
32671,VA,2019,77
32822,VA,2020,158
33004,VA,2019,4099
33045,VA,2019,30
33110,VA,2019,69
33267,VA,2020,65
33267,VA,2019,50
33669,VA,2019,42
33763,VA,2019,31
33868,VA,2019,14
34538,VA,2020,326
35576,VA,2020,11
35857,VA,2019,11690
35857,VA,2018,11669
35858,VA,2019,936
35887,VA,2019,9180
35887,VA,2018,5366
35904,VA,2019,9450
35904,VA,2018,8991
35905,VA,2019,756
36364,VA,2020,386
36652,VA,2020,481
36652,VA,2019,74
36830,VA,2020,274
36923,VA,2020,372
36924,VA,2020,88
36925,VA,2020,252
36926,VA,2020,175
36995,VA,2020,110
37315,VA,2020,107
37530,VA,2020,13
37540,VA,2020,114
37910,VA,2020,662
38113,VA,2020,25
38730,VA,2020,28
38731,VA,2020,56
38732,VA,2020,28
38733,VA,2020,21
38745,VA,2020,66
38807,VA,2020,21
38949,VA,2020,21
209,VT,2020,10
209,VT,2019,5
209,VT,2018,5
27270,VT,2020,1171
27270,VT,2019,506
27270,VT,2018,17
30619,VT,2018,30
33490,VT,2020,21
33490,VT,2019,367
33904,VT,2019,50
35794,VT,2020,530
37010,VT,2020,97
37204,VT,2020,1090
37975,VT,2020,330
38051,VT,2020,21
1274,WA,2020,540
1274,WA,2019,585
1274,WA,2018,630
1484,WA,2020,112
1484,WA,2019,540
1484,WA,2018,540
1560,WA,2018,31
5220,WA,2020,25
5220,WA,2019,39
5220,WA,2018,45
5288,WA,2020,82
5288,WA,2019,110
5288,WA,2018,373
5428,WA,2020,336
5428,WA,2019,1248
5428,WA,2018,975
9618,WA,2020,33
9618,WA,2019,66
9618,WA,2018,66
18477,WA,2018,17
19529,WA,2018,6968
19952,WA,2019,143
19952,WA,2018,66
21019,WA,2019,159
21019,WA,2018,198
21021,WA,2019,254
21021,WA,2018,361
21022,WA,2019,444
21022,WA,2018,513
21023,WA,2019,442
21023,WA,2018,409
24562,WA,2019,427
24562,WA,2018,557
24783,WA,2020,88
24783,WA,2019,55
24783,WA,2018,72
25242,WA,2019,224
25242,WA,2018,297
25266,WA,2019,229
25266,WA,2018,229
26123,WA,2018,2090
27426,WA,2019,221
27426,WA,2018,40
28485,WA,2018,464
28572,WA,2020,77
28572,WA,2019,55
28572,WA,2018,46
29890,WA,2020,1210
29890,WA,2019,1453
29900,WA,2019,5
29900,WA,2018,25
29908,WA,2018,245
30162,WA,2019,368
30162,WA,2018,778
30463,WA,2018,13
30556,WA,2018,42
30557,WA,2018,49
30558,WA,2018,27
30607,WA,2018,28
30620,WA,2018,24
30667,WA,2018,77
31779,WA,2020,43
31779,WA,2019,51
32586,WA,2019,35
33127,WA,2020,80
33127,WA,2019,97
33133,WA,2020,99
33133,WA,2019,130
33134,WA,2020,55
33134,WA,2019,71
33135,WA,2020,56
33135,WA,2019,78
33136,WA,2020,181
33136,WA,2019,169
33137,WA,2020,126
33137,WA,2019,59
33169,WA,2020,207
33169,WA,2019,78
33533,WA,2019,14
33586,WA,2019,417
33588,WA,2019,279
33619,WA,2019,54
33620,WA,2019,14
33685,WA,2019,75
33735,WA,2020,300
33735,WA,2019,146
33737,WA,2019,23
33769,WA,2019,237
33957,WA,2019,5
33997,WA,2019,391
34020,WA,2019,7
34126,WA,2019,27
34127,WA,2019,60
34278,WA,2019,25
35852,WA,2019,9357
35852,WA,2018,7131
35853,WA,2019,318
35853,WA,2018,354
35927,WA,2019,2970
35927,WA,2018,3133
35928,WA,2019,198
36373,WA,2020,251
36640,WA,2020,822
37564,WA,2020,72
37635,WA,2020,28
37755,WA,2020,4
37821,WA,2020,19
37825,WA,2020,156
37992,WA,2020,20
38043,WA,2020,42
38392,WA,2020,6
38476,WA,2020,120
38478,WA,2020,6
38528,WA,2020,66
38542,WA,2020,5
38568,WA,2020,76
38666,WA,2020,11
38724,WA,2020,296
39015,WA,2020,263
39037,WA,2020,278
39046,WA,2020,31
39051,WA,2020,31
9,WI,2020,1000
9,WI,2019,950
9,WI,2018,950
217,WI,2020,175
217,WI,2019,72
217,WI,2018,75
6493,WI,2018,30
12525,WI,2020,88
20151,WI,2020,135
20151,WI,2019,150
20151,WI,2018,150
20152,WI,2020,45
20152,WI,2019,50
20152,WI,2018,40
20617,WI,2018,700
22627,WI,2018,89
23712,WI,2020,6
24917,WI,2020,54
25104,WI,2018,42
25319,WI,2019,29
25794,WI,2018,16
25882,WI,2019,20
26150,WI,2018,125
26484,WI,2018,66
28518,WI,2018,156
28519,WI,2018,197
28520,WI,2018,152
28548,WI,2018,159
28738,WI,2018,372
29664,WI,2018,41
30069,WI,2019,303
30069,WI,2018,594
30196,WI,2018,93
30540,WI,2018,6
30541,WI,2018,11
30542,WI,2018,17
30562,WI,2018,21
30573,WI,2018,11
30576,WI,2018,6
31911,WI,2020,165
32674,WI,2019,159
32984,WI,2019,15
33009,WI,2019,16
33448,WI,2019,357
33738,WI,2019,25
33880,WI,2019,17
33884,WI,2019,127
34147,WI,2019,77
34242,WI,2019,212
34276,WI,2019,80
34303,WI,2019,69
35919,WI,2019,8547
35919,WI,2018,5817
35920,WI,2019,576
36708,WI,2020,33
37544,WI,2020,13
37708,WI,2020,4
37981,WI,2020,5
38106,WI,2020,16
38111,WI,2020,4
38347,WI,2020,296
38353,WI,2020,15
38529,WI,2020,3670
38534,WI,2020,33
38577,WI,2020,19
38582,WI,2020,25
38586,WI,2020,36
38606,WI,2020,19
38642,WI,2020,42
38659,WI,2020,11
38676,WI,2020,30
38690,WI,2020,23
38692,WI,2020,22
38693,WI,2020,17
38694,WI,2020,93
38697,WI,2020,19
38711,WI,2020,21
38715,WI,2020,5
38719,WI,2020,5
38790,WI,2020,51
38995,WI,2020,10
39107,WI,2020,28
39110,WI,2020,14
1642,WV,2020,7
5287,WV,2019,10
17377,WV,2019,120
17377,WV,2018,80
20268,WV,2020,196
20268,WV,2019,196
20268,WV,2018,84
20572,WV,2020,246
20572,WV,2019,326
20572,WV,2018,410
22720,WV,2020,2272
22720,WV,2019,3908
22720,WV,2018,5644
23113,WV,2020,10
26533,WV,2019,45
28262,WV,2018,518
30096,WV,2020,17
30096,WV,2019,55
30096,WV,2018,111
30107,WV,2018,209
30147,WV,2020,420
30147,WV,2019,420
30147,WV,2018,479
30157,WV,2018,10
30185,WV,2019,10
30186,WV,2019,232
30186,WV,2018,316
30187,WV,2018,24
30310,WV,2018,49
31582,WV,2019,488
31586,WV,2019,577
31589,WV,2019,463
31593,WV,2019,348
31609,WV,2019,426
31644,WV,2019,348
37928,WV,2020,7
38832,WV,2020,4
681,WY,2019,111
681,WY,2018,51
1109,WY,2020,780
1109,WY,2019,598
1109,WY,2018,702
23232,WY,2020,186
23232,WY,2019,23
23232,WY,2018,130
29722,WY,2020,126
29722,WY,2019,109
29722,WY,2018,200
29724,WY,2020,101
29724,WY,2019,205
29724,WY,2018,131
30274,WY,2019,160
30274,WY,2018,96
30285,WY,2019,286
30285,WY,2018,146
30986,WY,2020,1
34040,WY,2019,225
35929,WY,2019,6274
36531,WY,2020,10
37800,WY,2020,251
37933,WY,2020,87
37956,WY,2020,40
38095,WY,2020,109
38192,WY,2020,22
38433,WY,2020,11
38444,WY,2020,62
38445,WY,2020,66
38447,WY,2020,19
38448,WY,2020,29
38453,WY,2020,44
38455,WY,2020,33
38462,WY,2020,17
38535,WY,2020,38
38632,WY,2020,25
38638,WY,2020,18
